-- MySQL dump 10.13  Distrib 5.1.71, for redhat-linux-gnu (x86_64)
--
-- Host: 127.0.0.1    Database: sgpcgit
-- ------------------------------------------------------
-- Server version	5.1.71-log

/*!40101 SET @OLD_CHARACTER_SET_CLIENT=@@CHARACTER_SET_CLIENT */;
/*!40101 SET @OLD_CHARACTER_SET_RESULTS=@@CHARACTER_SET_RESULTS */;
/*!40101 SET @OLD_COLLATION_CONNECTION=@@COLLATION_CONNECTION */;
/*!40101 SET NAMES utf8 */;
/*!40103 SET @OLD_TIME_ZONE=@@TIME_ZONE */;
/*!40103 SET TIME_ZONE='+00:00' */;
/*!40014 SET @OLD_UNIQUE_CHECKS=@@UNIQUE_CHECKS, UNIQUE_CHECKS=0 */;
/*!40014 SET @OLD_FOREIGN_KEY_CHECKS=@@FOREIGN_KEY_CHECKS, FOREIGN_KEY_CHECKS=0 */;
/*!40101 SET @OLD_SQL_MODE=@@SQL_MODE, SQL_MODE='NO_AUTO_VALUE_ON_ZERO' */;
/*!40111 SET @OLD_SQL_NOTES=@@SQL_NOTES, SQL_NOTES=0 */;

--
-- Table structure for table `agencia_fomento`
--

DROP TABLE IF EXISTS `agencia_fomento`;
/*!40101 SET @saved_cs_client     = @@character_set_client */;
/*!40101 SET character_set_client = utf8 */;
CREATE TABLE `agencia_fomento` (
  `id_financiador` int(11) NOT NULL,
  PRIMARY KEY (`id_financiador`),
  KEY `FKACC95D75922325C6` (`id_financiador`),
  CONSTRAINT `FKACC95D75922325C6` FOREIGN KEY (`id_financiador`) REFERENCES `financiador` (`id_financiador`)
) ENGINE=InnoDB DEFAULT CHARSET=latin1;
/*!40101 SET character_set_client = @saved_cs_client */;

--
-- Dumping data for table `agencia_fomento`
--

LOCK TABLES `agencia_fomento` WRITE;
/*!40000 ALTER TABLE `agencia_fomento` DISABLE KEYS */;
/*!40000 ALTER TABLE `agencia_fomento` ENABLE KEYS */;
UNLOCK TABLES;

--
-- Table structure for table `alinea`
--

DROP TABLE IF EXISTS `alinea`;
/*!40101 SET @saved_cs_client     = @@character_set_client */;
/*!40101 SET character_set_client = utf8 */;
CREATE TABLE `alinea` (
  `id_alinea` int(11) NOT NULL AUTO_INCREMENT,
  `verba_aprovada` decimal(12,2) DEFAULT NULL,
  `fk_auxilio` int(11) NOT NULL,
  `fk_categoria_alinea` int(11) NOT NULL,
  `moeda` int(11) NOT NULL,
  `observacoes` varchar(512) NOT NULL,
  PRIMARY KEY (`id_alinea`),
  KEY `FKABA9632CE7C6B642` (`fk_auxilio`),
  KEY `FKABA9632C4CE1653` (`fk_categoria_alinea`),
  CONSTRAINT `FKABA9632C4CE1653` FOREIGN KEY (`fk_categoria_alinea`) REFERENCES `categoria_alinea` (`id_categoria_alinea`),
  CONSTRAINT `FKABA9632CE7C6B642` FOREIGN KEY (`fk_auxilio`) REFERENCES `auxilio` (`id_auxilio`)
) ENGINE=InnoDB DEFAULT CHARSET=latin1;
/*!40101 SET character_set_client = @saved_cs_client */;

--
-- Dumping data for table `alinea`
--

LOCK TABLES `alinea` WRITE;
/*!40000 ALTER TABLE `alinea` DISABLE KEYS */;
/*!40000 ALTER TABLE `alinea` ENABLE KEYS */;
UNLOCK TABLES;

--
-- Table structure for table `arquivo_anexo_despesa`
--

DROP TABLE IF EXISTS `arquivo_anexo_despesa`;
/*!40101 SET @saved_cs_client     = @@character_set_client */;
/*!40101 SET character_set_client = utf8 */;
CREATE TABLE `arquivo_anexo_despesa` (
  `fk_despesa` int(11) NOT NULL,
  `content_type` varchar(255) NOT NULL,
  `conteudo` longblob,
  `nome` varchar(100) NOT NULL,
  `arquivosAnexos_ORDER` int(11) NOT NULL,
  PRIMARY KEY (`fk_despesa`,`arquivosAnexos_ORDER`),
  KEY `FK82F0AA9374D121D2` (`fk_despesa`),
  CONSTRAINT `FK82F0AA9374D121D2` FOREIGN KEY (`fk_despesa`) REFERENCES `despesa` (`id_despesa`)
) ENGINE=InnoDB DEFAULT CHARSET=latin1;
/*!40101 SET character_set_client = @saved_cs_client */;

--
-- Dumping data for table `arquivo_anexo_despesa`
--

LOCK TABLES `arquivo_anexo_despesa` WRITE;
/*!40000 ALTER TABLE `arquivo_anexo_despesa` DISABLE KEYS */;
/*!40000 ALTER TABLE `arquivo_anexo_despesa` ENABLE KEYS */;
UNLOCK TABLES;

--
-- Table structure for table `arquivo_auxilio`
--

DROP TABLE IF EXISTS `arquivo_auxilio`;
/*!40101 SET @saved_cs_client     = @@character_set_client */;
/*!40101 SET character_set_client = utf8 */;
CREATE TABLE `arquivo_auxilio` (
  `fk_auxilio` int(11) NOT NULL,
  `content_type` varchar(255) NOT NULL,
  `conteudo` longblob,
  `descricao` longtext,
  `nome` varchar(100) NOT NULL,
  KEY `FKC88092BBE7C6B642` (`fk_auxilio`),
  CONSTRAINT `FKC88092BBE7C6B642` FOREIGN KEY (`fk_auxilio`) REFERENCES `auxilio` (`id_auxilio`)
) ENGINE=InnoDB DEFAULT CHARSET=latin1;
/*!40101 SET character_set_client = @saved_cs_client */;

--
-- Dumping data for table `arquivo_auxilio`
--

LOCK TABLES `arquivo_auxilio` WRITE;
/*!40000 ALTER TABLE `arquivo_auxilio` DISABLE KEYS */;
/*!40000 ALTER TABLE `arquivo_auxilio` ENABLE KEYS */;
UNLOCK TABLES;

--
-- Table structure for table `arquivo_despesa`
--

DROP TABLE IF EXISTS `arquivo_despesa`;
/*!40101 SET @saved_cs_client     = @@character_set_client */;
/*!40101 SET character_set_client = utf8 */;
CREATE TABLE `arquivo_despesa` (
  `fk_doc_despesa` int(11) NOT NULL,
  `conteudo` longblob,
  `nome` varchar(100) NOT NULL,
  KEY `FK4BA25A8375DEF605` (`fk_doc_despesa`),
  CONSTRAINT `FK4BA25A8375DEF605` FOREIGN KEY (`fk_doc_despesa`) REFERENCES `documento_comprovacao_despesa` (`id_documento_comprovacao_despesa`)
) ENGINE=InnoDB DEFAULT CHARSET=latin1;
/*!40101 SET character_set_client = @saved_cs_client */;

--
-- Dumping data for table `arquivo_despesa`
--

LOCK TABLES `arquivo_despesa` WRITE;
/*!40000 ALTER TABLE `arquivo_despesa` DISABLE KEYS */;
/*!40000 ALTER TABLE `arquivo_despesa` ENABLE KEYS */;
UNLOCK TABLES;

--
-- Table structure for table `arquivo_pagamento`
--

DROP TABLE IF EXISTS `arquivo_pagamento`;
/*!40101 SET @saved_cs_client     = @@character_set_client */;
/*!40101 SET character_set_client = utf8 */;
CREATE TABLE `arquivo_pagamento` (
  `fk_doc_pagamento` int(11) NOT NULL,
  `conteudo` longblob,
  `nome` varchar(100) NOT NULL,
  KEY `FKAC2D6C14F75DF8E7` (`fk_doc_pagamento`),
  CONSTRAINT `FKAC2D6C14F75DF8E7` FOREIGN KEY (`fk_doc_pagamento`) REFERENCES `documento_comprovacao_pagamento` (`id_documento_comprovacao_pagamento`)
) ENGINE=InnoDB DEFAULT CHARSET=latin1;
/*!40101 SET character_set_client = @saved_cs_client */;

--
-- Dumping data for table `arquivo_pagamento`
--

LOCK TABLES `arquivo_pagamento` WRITE;
/*!40000 ALTER TABLE `arquivo_pagamento` DISABLE KEYS */;
/*!40000 ALTER TABLE `arquivo_pagamento` ENABLE KEYS */;
UNLOCK TABLES;

--
-- Table structure for table `atividade`
--

DROP TABLE IF EXISTS `atividade`;
/*!40101 SET @saved_cs_client     = @@character_set_client */;
/*!40101 SET character_set_client = utf8 */;
CREATE TABLE `atividade` (
  `id_atividade` int(11) NOT NULL AUTO_INCREMENT,
  `descricao` longtext NOT NULL,
  `hora_final` datetime NOT NULL,
  `hora_inicial` datetime NOT NULL,
  `titulo` varchar(50) NOT NULL,
  `fk_organizacao_evento` int(11) NOT NULL,
  PRIMARY KEY (`id_atividade`),
  KEY `FKC1B71D075BF81C2F` (`fk_organizacao_evento`),
  CONSTRAINT `FKC1B71D075BF81C2F` FOREIGN KEY (`fk_organizacao_evento`) REFERENCES `organizacao_evento` (`id_projeto`)
) ENGINE=InnoDB DEFAULT CHARSET=latin1;
/*!40101 SET character_set_client = @saved_cs_client */;

--
-- Dumping data for table `atividade`
--

LOCK TABLES `atividade` WRITE;
/*!40000 ALTER TABLE `atividade` DISABLE KEYS */;
/*!40000 ALTER TABLE `atividade` ENABLE KEYS */;
UNLOCK TABLES;

--
-- Table structure for table `auditoria`
--

DROP TABLE IF EXISTS `auditoria`;
/*!40101 SET @saved_cs_client     = @@character_set_client */;
/*!40101 SET character_set_client = utf8 */;
CREATE TABLE `auditoria` (
  `id_auditoria` int(11) NOT NULL AUTO_INCREMENT,
  `acao` varchar(100) NOT NULL,
  `data_acao` datetime NOT NULL,
  `descricao` longtext NOT NULL,
  `id_pessoa` int(11) NOT NULL,
  `modulo` varchar(200) NOT NULL,
  `nome_pessoa` varchar(200) NOT NULL,
  `username` varchar(200) NOT NULL,
  PRIMARY KEY (`id_auditoria`)
) ENGINE=InnoDB DEFAULT CHARSET=latin1;
/*!40101 SET character_set_client = @saved_cs_client */;

--
-- Dumping data for table `auditoria`
--

LOCK TABLES `auditoria` WRITE;
/*!40000 ALTER TABLE `auditoria` DISABLE KEYS */;
/*!40000 ALTER TABLE `auditoria` ENABLE KEYS */;
UNLOCK TABLES;

--
-- Table structure for table `auxilio`
--

DROP TABLE IF EXISTS `auxilio`;
/*!40101 SET @saved_cs_client     = @@character_set_client */;
/*!40101 SET character_set_client = utf8 */;
CREATE TABLE `auxilio` (
  `id_auxilio` int(11) NOT NULL AUTO_INCREMENT,
  `data_final` date DEFAULT NULL,
  `data_inicial` date NOT NULL,
  `data_solicitacao` date DEFAULT NULL,
  `nome_identificacao` longtext NOT NULL,
  `numero_mercurio` varchar(50) DEFAULT NULL,
  `observacoes` longtext NOT NULL,
  `protocolo` varchar(50) DEFAULT NULL,
  `protocolo_financiador` varchar(50) DEFAULT NULL,
  `status` varchar(50) DEFAULT NULL,
  `tipo` varchar(20) DEFAULT NULL,
  `fk_bolsista` int(11) DEFAULT NULL,
  `fk_centro_despesa` int(11) NOT NULL,
  `fk_conta_corrente` int(11) DEFAULT NULL,
  `fk_modalidade` int(11) NOT NULL,
  `fk_programa_especial_financiamento` int(11) DEFAULT NULL,
  `fk_projeto` int(11) NOT NULL,
  `fk_responsavel` int(11) DEFAULT NULL,
  PRIMARY KEY (`id_auxilio`),
  KEY `FKD9AFD64D8E3CE507` (`fk_centro_despesa`),
  KEY `FKD9AFD64D416880C7` (`fk_conta_corrente`),
  KEY `FKD9AFD64DAA2448EE` (`fk_projeto`),
  KEY `FKD9AFD64DC768C82A` (`fk_programa_especial_financiamento`),
  KEY `FKD9AFD64D7DD193CA` (`fk_bolsista`),
  KEY `FKD9AFD64DF04F71AC` (`fk_modalidade`),
  KEY `FKD9AFD64D8FEEF1AB` (`fk_responsavel`),
  CONSTRAINT `FKD9AFD64D416880C7` FOREIGN KEY (`fk_conta_corrente`) REFERENCES `conta_corrente` (`id_conta_corrente`),
  CONSTRAINT `FKD9AFD64D7DD193CA` FOREIGN KEY (`fk_bolsista`) REFERENCES `pessoa` (`id_pessoa`),
  CONSTRAINT `FKD9AFD64D8E3CE507` FOREIGN KEY (`fk_centro_despesa`) REFERENCES `centro_despesa` (`id_centro_despesa`),
  CONSTRAINT `FKD9AFD64D8FEEF1AB` FOREIGN KEY (`fk_responsavel`) REFERENCES `pessoa` (`id_pessoa`),
  CONSTRAINT `FKD9AFD64DAA2448EE` FOREIGN KEY (`fk_projeto`) REFERENCES `projeto` (`id_projeto`),
  CONSTRAINT `FKD9AFD64DC768C82A` FOREIGN KEY (`fk_programa_especial_financiamento`) REFERENCES `programas_especiais_financiamento` (`id_programa_especial_financiamento`),
  CONSTRAINT `FKD9AFD64DF04F71AC` FOREIGN KEY (`fk_modalidade`) REFERENCES `modalidade` (`id_modalidade`)
) ENGINE=InnoDB DEFAULT CHARSET=latin1;
/*!40101 SET character_set_client = @saved_cs_client */;

--
-- Dumping data for table `auxilio`
--

LOCK TABLES `auxilio` WRITE;
/*!40000 ALTER TABLE `auxilio` DISABLE KEYS */;
/*!40000 ALTER TABLE `auxilio` ENABLE KEYS */;
UNLOCK TABLES;

--
-- Table structure for table `bem_patrimoniado`
--

DROP TABLE IF EXISTS `bem_patrimoniado`;
/*!40101 SET @saved_cs_client     = @@character_set_client */;
/*!40101 SET character_set_client = utf8 */;
CREATE TABLE `bem_patrimoniado` (
  `id_bem_patrimoniado` int(11) NOT NULL AUTO_INCREMENT,
  `data_registro` date NOT NULL,
  `descricao` longtext NOT NULL,
  `numero` varchar(100) NOT NULL,
  `fk_despesa` int(11) NOT NULL,
  PRIMARY KEY (`id_bem_patrimoniado`),
  KEY `FKE0A2BEEA74D121D2` (`fk_despesa`),
  CONSTRAINT `FKE0A2BEEA74D121D2` FOREIGN KEY (`fk_despesa`) REFERENCES `despesa` (`id_despesa`)
) ENGINE=InnoDB DEFAULT CHARSET=latin1;
/*!40101 SET character_set_client = @saved_cs_client */;

--
-- Dumping data for table `bem_patrimoniado`
--

LOCK TABLES `bem_patrimoniado` WRITE;
/*!40000 ALTER TABLE `bem_patrimoniado` DISABLE KEYS */;
/*!40000 ALTER TABLE `bem_patrimoniado` ENABLE KEYS */;
UNLOCK TABLES;

--
-- Table structure for table `bolsa_alocada`
--

DROP TABLE IF EXISTS `bolsa_alocada`;
/*!40101 SET @saved_cs_client     = @@character_set_client */;
/*!40101 SET character_set_client = utf8 */;
CREATE TABLE `bolsa_alocada` (
  `id_bolsa_alocada` int(11) NOT NULL AUTO_INCREMENT,
  `data_fim` date NOT NULL,
  `data_inicio` date NOT NULL,
  `status` varchar(255) NOT NULL,
  `valor` decimal(12,2) NOT NULL,
  `fk_alinea` int(11) NOT NULL,
  `fk_pessoa` int(11) NOT NULL,
  PRIMARY KEY (`id_bolsa_alocada`),
  KEY `FKB5F8A30DF873FCD0` (`fk_alinea`),
  KEY `FKB5F8A30D7C78A046` (`fk_pessoa`),
  CONSTRAINT `FKB5F8A30D7C78A046` FOREIGN KEY (`fk_pessoa`) REFERENCES `pessoa` (`id_pessoa`),
  CONSTRAINT `FKB5F8A30DF873FCD0` FOREIGN KEY (`fk_alinea`) REFERENCES `alinea` (`id_alinea`)
) ENGINE=InnoDB DEFAULT CHARSET=latin1;
/*!40101 SET character_set_client = @saved_cs_client */;

--
-- Dumping data for table `bolsa_alocada`
--

LOCK TABLES `bolsa_alocada` WRITE;
/*!40000 ALTER TABLE `bolsa_alocada` DISABLE KEYS */;
/*!40000 ALTER TABLE `bolsa_alocada` ENABLE KEYS */;
UNLOCK TABLES;

--
-- Table structure for table `categoria_alinea`
--

DROP TABLE IF EXISTS `categoria_alinea`;
/*!40101 SET @saved_cs_client     = @@character_set_client */;
/*!40101 SET character_set_client = utf8 */;
CREATE TABLE `categoria_alinea` (
  `id_categoria_alinea` int(11) NOT NULL AUTO_INCREMENT,
  `bolsa` bit(1) DEFAULT NULL,
  `capital` bit(1) DEFAULT NULL,
  `custeio` bit(1) DEFAULT NULL,
  `descricao` varchar(200) NOT NULL,
  `nome` varchar(100) NOT NULL,
  `reserva_tecnica` bit(1) DEFAULT NULL,
  `beneficio_complementar` tinyint(1) NOT NULL DEFAULT '0',
  PRIMARY KEY (`id_categoria_alinea`)
) ENGINE=InnoDB AUTO_INCREMENT=37 DEFAULT CHARSET=latin1;
/*!40101 SET character_set_client = @saved_cs_client */;

--
-- Dumping data for table `categoria_alinea`
--

LOCK TABLES `categoria_alinea` WRITE;
/*!40000 ALTER TABLE `categoria_alinea` DISABLE KEYS */;
INSERT INTO `categoria_alinea` VALUES (6,'\0','','','\'\'','Reserva de Importação','\0',0),(7,'\0','','\0','\'\'','Material Permanente no País','\0',0),(8,'\0','','\0','\'\'','Material Permanente Importado','\0',0),(9,'\0','\0','','\'\'','Material de Consumo','\0',0),(10,'\0','\0','','(Usar apenas para CNPq)','Diárias','\0',0),(11,'','\0','','\'\'','Custeio','\0',0),(12,'\0','\0','\0','\'\'','Reserva Técnica','',0),(13,'\0','\0','','\'\'','Serviços de Terceiros no País','\0',0),(14,'\0','\0','','\'\'','Serviços de Terceiros no Exterior','\0',0),(16,'\0','','\0','Materiais Permanentes','Capital','\0',0),(17,'\0','\0','\0','\'\'','Outras Verbas','\0',1),(18,'','\0','','\'\'','Bolsas','\0',0),(19,'\0','\0','','\'\'','Passagens','\0',0),(21,'\0','','','Benefícios Complementares','Benefícios Complementares','',1),(22,'\0','','\0','\'\'','Material Bibliográfico','\0',0),(24,'\0','\0','','Transporte nacional terrestre ou aéreo','Despesas de Transporte no País','\0',0),(25,'\0','\0','','Seguro Saúde','Seguro Saúde','\0',0),(26,'\0','\0','','Mensalidade de bolsa','Mensalidade de bolsa','\0',0),(27,'\0','\0','','Transporte fora do país','Despesas de Transporte no Exterior','',1),(28,'\0','\0','','Diárias no país','Diárias no país','\0',0),(29,'\0','\0','','Diárias no Exterior','Diárias no Exterior','\0',0),(30,'\0','\0','','Taxa de Inscrição','Taxas de Inscrição no País','\0',0),(31,'\0','\0','','','Auxílio Deslocamento','\0',0),(32,'','','','','Taxa de Bancada','',1),(33,'\0','\0','','','Material de Consumo Importado','\0',0),(34,'\0','\0','','','Auxílio Instalação','\0',0),(35,'\0','\0','','','Manutenção de Visitantes no País','',1),(36,'\0','','','Rendimento de aplicação','Juros / Rendimento Financeiro','\0',0);
/*!40000 ALTER TABLE `categoria_alinea` ENABLE KEYS */;
UNLOCK TABLES;

--
-- Table structure for table `categoria_fornecedor`
--

DROP TABLE IF EXISTS `categoria_fornecedor`;
/*!40101 SET @saved_cs_client     = @@character_set_client */;
/*!40101 SET character_set_client = utf8 */;
CREATE TABLE `categoria_fornecedor` (
  `id_categoria_fornecedor` int(11) NOT NULL AUTO_INCREMENT,
  `fk_fornecedor` int(11) NOT NULL,
  `fk_grupo_fornecimento` int(11) NOT NULL,
  `fk_representante` int(11) DEFAULT NULL,
  PRIMARY KEY (`id_categoria_fornecedor`),
  KEY `FKFFE567F15FB2526B` (`fk_representante`),
  KEY `FKFFE567F154C020C2` (`fk_fornecedor`),
  KEY `FKFFE567F1AC4CF9D1` (`fk_grupo_fornecimento`),
  CONSTRAINT `FKFFE567F154C020C2` FOREIGN KEY (`fk_fornecedor`) REFERENCES `fornecedor` (`id_fornecedor`),
  CONSTRAINT `FKFFE567F15FB2526B` FOREIGN KEY (`fk_representante`) REFERENCES `representante_vendas` (`id_representante_vendas`),
  CONSTRAINT `FKFFE567F1AC4CF9D1` FOREIGN KEY (`fk_grupo_fornecimento`) REFERENCES `grupo_fornecimento` (`id_grupo_fornecimento`)
) ENGINE=InnoDB DEFAULT CHARSET=latin1;
/*!40101 SET character_set_client = @saved_cs_client */;

--
-- Dumping data for table `categoria_fornecedor`
--

LOCK TABLES `categoria_fornecedor` WRITE;
/*!40000 ALTER TABLE `categoria_fornecedor` DISABLE KEYS */;
/*!40000 ALTER TABLE `categoria_fornecedor` ENABLE KEYS */;
UNLOCK TABLES;

--
-- Table structure for table `centro_despesa`
--

DROP TABLE IF EXISTS `centro_despesa`;
/*!40101 SET @saved_cs_client     = @@character_set_client */;
/*!40101 SET character_set_client = utf8 */;
CREATE TABLE `centro_despesa` (
  `id_centro_despesa` int(11) NOT NULL AUTO_INCREMENT,
  `nome` varchar(100) NOT NULL,
  `fk_centro_despesa_pai` int(11) DEFAULT NULL,
  `fk_unidade` int(11) NOT NULL,
  `tipo` int(11) NOT NULL DEFAULT '0',
  `codigo_hierarquia` decimal(30,0) DEFAULT NULL,
  `estrutura_hierarquica` longtext,
  `ordem_vertical_hierarquia` int(11) NOT NULL DEFAULT '0',
  PRIMARY KEY (`id_centro_despesa`),
  KEY `FK342E5DBB53FC8260` (`fk_centro_despesa_pai`),
  KEY `FK342E5DBBEA756684` (`fk_unidade`),
  CONSTRAINT `FK342E5DBB53FC8260` FOREIGN KEY (`fk_centro_despesa_pai`) REFERENCES `centro_despesa` (`id_centro_despesa`),
  CONSTRAINT `FK342E5DBBEA756684` FOREIGN KEY (`fk_unidade`) REFERENCES `unidade` (`id_unidade`)
) ENGINE=InnoDB AUTO_INCREMENT=353 DEFAULT CHARSET=latin1;
/*!40101 SET character_set_client = @saved_cs_client */;

--
-- Dumping data for table `centro_despesa`
--

LOCK TABLES `centro_despesa` WRITE;
/*!40000 ALTER TABLE `centro_despesa` DISABLE KEYS */;
INSERT INTO `centro_despesa` VALUES (1,'N/D/A',18,45,0,NULL,NULL,0),(2,'\\ALMOX (ALMOXARIFADO)',NULL,45,0,NULL,NULL,0),(3,'\\ALMOX\\DEPOSITO-INFORMATICA (DEPÓSITO PRÉ-DESCARTES DE INFORMÁTICA)',2,45,0,NULL,NULL,0),(4,'\\ALMOX\\DEPÓSITO-MOBILIÁRIO (DEPÓSITO PRÉ-DESCARTES DE MOBILIÁRIO)',2,45,0,NULL,NULL,0),(5,'\\DIRETORIA (DIRETORIA DO ICMC)',NULL,45,2,NULL,NULL,0),(6,'\\DIRETORIA\\ASSESSORIA (ASSESSORIA DE DIREÇÃO)',5,45,0,NULL,NULL,0),(7,'\\DIRETORIA\\ATAC (ASSISTÊNCIA TÉCNICA ACADÊMICA)',5,45,0,NULL,NULL,0),(8,'\\DIRETORIA\\ATAC\\ATAC-CHEFE (RESPONSÁVEL - ASSISTÊNCIA TÉCNICA ACADÊMICA)',7,45,0,NULL,NULL,0),(9,'\\DIRETORIA\\ATAC\\EVENTOS (SVAPAC - SERVIÇO DE APOIO ACADÊMICO)',7,45,0,NULL,NULL,0),(10,'\\DIRETORIA\\ATAC\\EVENTOS\\C.EX-12.1.00834.55.0 (Introdução ao Desenvolvimento de IOS)',9,45,0,NULL,NULL,0),(11,'\\DIRETORIA\\ATAC\\GRADUAÇÃO (SERVIÇO DE GRADUAÇÃO)',7,45,0,NULL,NULL,0),(12,'\\DIRETORIA\\ATAC\\POSGRAD (SERVIÇO DE PÓS-GRADUAÇÃO)',7,45,0,NULL,NULL,0),(13,'\\DIRETORIA\\ATAC\\POSGRAD\\BOLSISTAS (BOLSISTAS)',12,45,0,NULL,NULL,0),(14,'\\DIRETORIA\\ATAD (ASSISTÊNCIA TÉCNICA ADMINISTRATIVA)',5,45,0,NULL,NULL,0),(15,'\\DIRETORIA\\ATF (ASSISTÊNCIA TÉCNICA FINANCEIRA)',5,45,0,NULL,NULL,0),(16,'\\DIRETORIA\\BIBLIOTECA (BIBLIOTECA DO ICMC)',5,45,0,NULL,NULL,0),(17,'\\DIRETORIA\\BIBLIOTECA (BIBLIOTECA DO ICMC)',5,45,0,NULL,NULL,0),(18,'\\E-CONV 17751 (Expansão Vagas - CONVSES2008CV00001)',NULL,45,0,NULL,NULL,0),(19,'\\E-CONV 18266 (Expansão Vagas - CONVSES2008CV00002)',NULL,45,0,NULL,NULL,0),(20,'\\PRÓ-ALUNO (Salas Pró-Aluno)',NULL,45,1,NULL,NULL,0),(21,'\\PROJETOS ESPECIAIS (PROJETOS ESPECIAIS)',NULL,45,0,NULL,NULL,0),(22,'\\SCC (DEPTO. DE CIÊNCIAS DE COMPUTAÇÃO)',NULL,45,0,NULL,NULL,0),(23,'\\SMA (DEPARTAMENTO DE MATEMÁTICA)',NULL,45,0,NULL,NULL,0),(24,'\\SME (DEPTO. DE MATEMÁTICA APLICADA E ESTATÍSTICA)',NULL,45,0,NULL,NULL,0),(25,'\\SSC (DEPARTAMENTO DE SISTEMAS DA COMPUTAÇÃO)',NULL,45,0,NULL,NULL,0),(26,'FAPESP 11/23274-3 João Porto',25,45,0,NULL,NULL,0),(27,'Capes 077/13 Adenilso Simão',25,45,2,NULL,NULL,0),(28,'FAPESP 12/20818-5 Eyup Kizil',23,45,0,NULL,NULL,0),(29,'FAPESP 2010/52570-7 Maldonado',25,45,0,NULL,NULL,0),(30,'FAPESP 2013/00903-0 Regilene Delazari dos Santos Oliveira',23,45,0,NULL,NULL,0),(31,'Laboratório do Thiago',NULL,43,1,NULL,NULL,0),(32,'550 Orçamento',23,45,0,NULL,NULL,0),(33,'FAPESP 12/20278-0 Franklina Bragion',24,45,0,NULL,NULL,0),(34,'tematico fapesp - pp - maldonado',NULL,45,0,NULL,NULL,0),(35,'Seiji Fapesp ',22,45,0,NULL,NULL,0),(36,'FAPESP 13/14311-8 Renata Geromel',23,45,0,NULL,NULL,0),(37,'CEPID Fapesp 13/07375-0 José Alberto Cuminato',24,45,0,NULL,NULL,0),(38,'PP José Aberto Cuminato CEPID 13/07375-0',37,45,1,NULL,NULL,0),(39,'PP André Ponce CEPID 13/07375-0',37,45,1,NULL,NULL,0),(40,'PP Antonio Castelo Filho CEPID 13/07375-0',37,45,1,NULL,NULL,0),(41,'PP Eduardo Raul Hruschka CEPID 13/07375-0',37,45,1,NULL,NULL,0),(42,'PP Ernesto Julián Golberg Birgin CEPID 13/07375-0',37,45,1,NULL,NULL,0),(45,'(DIRETORIA DO ICMC)',NULL,55,0,'2999999999999999764984758272','\\DIRETORIA',0),(52,'(DEPTO. DE CIÊNCIAS DE COMPUTAÇÃO)',NULL,55,0,'4999999999999999791559868416','\\SCC',0),(53,'(DEPARTAMENTO DE COMPUTAÇÃO)',NULL,55,0,'5999999999999999529969516544','\\SCE',0),(54,'(DEPARTAMENTO DE MATEMÁTICA)',NULL,55,0,'7000000000000000367890792448','\\SMA',0),(55,'(DEPTO. DE MATEMÁTICA APLICADA E ESTATÍSTICA)',NULL,55,0,'8000000000000000106300440576','\\SME',0),(56,'(DEPARTAMENTO DE SISTEMAS DA COMPUTAÇÃO)',NULL,55,0,'8999999999999999844710088704','\\SSC',0),(57,'(ASSESSORIA DE DIREÇÃO)',45,55,0,'3022999999999999930491994112','\\DIRETORIA\\ASSESSORIA',1),(58,'(ASSISTÊNCIA TÉCNICA ACADÊMICA)',45,55,0,'3000999999999999843888005120','\\DIRETORIA\\ATAC',1),(59,'(ASSISTÊNCIA TÉCNICA ADMINISTRATIVA)',45,55,0,'3001999999999999922791251968','\\DIRETORIA\\ATAD',1),(60,'(RESPONSÁVEL - ASSISTÊNCIA TÉCNICA ADMINISTRATIVA)',45,55,0,'3025000000000000088298487808','\\DIRETORIA\\ATAD-CHEFE',1),(61,'(ASSISTÊNCIA TÉCNICA FINANCEIRA)',45,55,0,'3003000000000000001694498816','\\DIRETORIA\\ATF',1),(62,'(BIBLIOTECA DO ICMC)',45,55,0,'3004000000000000080597745664','\\DIRETORIA\\BIBLIOTECA',1),(63,'(LABORATÓRIO DE COMPUTAÇÃO BIOINSPIRADA)',52,55,0,'5003000000000000028269608960','\\SCC\\BIOCOMP',1),(64,'(Introdução ao Desenvolvimento de IOS)',45,55,0,'3021999999999999851588747264','\\DIRETORIA\\C.EX-12.1.00834.55.0',1),(66,'(COMISSÃO INTERNA DE PREVENÇÃO DE ACIDENTES)',45,55,0,'3013000000000000240971153408','\\DIRETORIA\\CIPA',1),(67,'(COMISSÃO INTERNA DE QUALIDADE E PRODUTIVIDADE)',45,55,0,'3005000000000000159500992512','\\DIRETORIA\\CIQ&P',1),(68,'(COMISSÃO DE INFORMÁTICA)',45,55,0,'3006000000000000238404239360','\\DIRETORIA\\COMISSÃO DE INFORMÁT',1),(69,'(COORDENAÇÃO DA PÓS-GRADUAÇÃO - COMPUTAÇÃO)',45,55,0,'3017000000000000006828326912','\\DIRETORIA\\COORDPÓS-COMPUTAÇÃO',1),(70,'(COORDENAÇÃO DA PÓS-GRADUAÇÃO - MATEMÁTICA)',45,55,0,'3015999999999999927925080064','\\DIRETORIA\\COORDPÓS-MATEMÁTICA',1),(74,'(DIRETOR DO ICMC)',45,55,0,'3019000000000000164634820608','\\DIRETORIA\\DIRETOR',1),(75,'(ESCOLA DE ENGENHARIA DE SÃO CARLOS)',45,55,0,'3006999999999999767551672320','\\DIRETORIA\\EESC',1),(76,'(CURSO ENGENHARIA DA COMPUTAÇÃO - CAMPUS 2)',56,55,0,'9002000000000000002516582400','\\SSC\\ENGCOMP',1),(77,'OVERHEAD CONVÊNIO FAFQ/ITAUTEC - PARTE DO SCC',52,55,0,'5005000000000000186076102656','\\SCC\\FAFQ-ITAUTEC-SCC',1),(78,'(FOLHAS DE SÃO PAULO - PROF. EDUARDO MARQUES)',56,55,0,'9003000000000000081419829248','\\SSC\\FOLHA-EMARQUES',1),(79,'(GRUPO DE BASE DE DADOS E IMAGENS)',52,55,0,'5004000000000000107172855808','\\SCC\\GBDI',1),(80,'(INSTITUTO DE FISICA DE SÃO CARLOS)',45,55,0,'3007999999999999846454919168','\\DIRETORIA\\IFSC',1),(81,'(LABORATORIO DE INTERMÍDIA)',53,55,0,'6000999999999999608872763392','\\SCE\\INTERMÍDIA',1),(82,'(INSTITUTO DE QUIMICA DE SÃO CARLOS)',45,55,0,'3008999999999999925358166016','\\DIRETORIA\\IQSC',1),(83,'(Laboratorio de Matemática)',54,55,0,'7013000000000000294121373696','\\SMA\\LAB DE MATEMATICA',1),(84,'(LABORATÓRIO DE PÓS-GRADUAÇÃO DO SCE)',53,55,0,'6001999999999999687776010240','\\SCE\\LAB-PÓSGRAD-SCE',1),(85,'(LABORATÓRIO DE PÓS-GRADUAÇÃO DO SMA)',54,55,0,'7001000000000000446794039296','\\SMA\\LAB-PÓSGRAD-SMA',1),(86,'(LABORATÓRIO DE TOPOLOGIA)',54,55,0,'7011000000000000136314880000','\\SMA\\LAB-TOPOLOGIA',1),(87,'(LABORATÓRIO DE CÁLCULO)',54,55,0,'7002000000000000525697286144','\\SMA\\LABCALC',1),(88,'(LABORATÓRIO DE ENGENHARIA DE SOFTWARE)',53,55,0,'6002999999999999766679257088','\\SCE\\LABES',1),(89,'(LABORATÓRIO DE GRADUAÇÃO DO ICMC)',45,55,0,'3010000000000000004261412864','\\DIRETORIA\\LABGRAD',1),(90,'(LABORATÓRIO DE INTELIGENCIA COMPUTACIONAL)',53,55,0,'6003999999999999845582503936','\\SCE\\LABIC',1),(91,'(LABORATÓRIO DE PESQUISA DO SMA)',54,55,0,'7002999999999999505088905216','\\SMA\\LABPES',1),(92,'(LABORATÓRIO SISTEMAS DISTRIB. E PROGR. CONCORRENT',53,55,0,'6004999999999999924485750784','\\SCE\\LASDPC',1),(93,'(LABORATÓRIO SISTEMAS DISTRIB. E PROGR. CONCORRENT',56,55,0,'9008000000000000475936063488','\\SSC\\LASDPC',1),(94,'(LABORATÓRIO DE BANCO DE DADOS)',53,55,0,'6006000000000000003388997632','\\SCE\\LBD',1),(95,'(LABORATÓRIO DE COMPUTAÇÃO DE ALTO DESEMPENHO)',53,55,0,'6007000000000000082292244480','\\SCE\\LCAD',1),(96,'(LABORATÓRIO DE COMPUTAÇÃO RECONFIGURÁVEL)',53,55,0,'6008000000000000161195491328','\\SCE\\LCOMREC',1),(97,'(LABORATÓRIO DE COMPUTAÇÃO RECONFIGURÁVEL)',56,55,0,'9005000000000000239226322944','\\SSC\\LCOMREC',1),(98,'(LABORATÓRIO DE EQUAÇÕES DIFERENCIAIS FUNCIONAIS)',54,55,0,'7003999999999999583992152064','\\SMA\\LEDF',1),(99,'(LABORATÓRIO DE ENSINO DE MATEMÁTICA)',54,55,0,'7004999999999999662895398912','\\SMA\\LEM',1),(100,'(LABORATÓRIO DE ESTATÍSTICA)',53,55,0,'6009000000000000240098738176','\\SCE\\LEST',1),(101,'(LABORATÓRIO DE ESTATÍSTICA)',55,55,0,'8003000000000000343010181120','\\SME\\LEST',1),(102,'(LAB. DE MATEMÁTICA APLICADA E COMPUTAÇÃO CIENTÍFI',55,55,0,'8005000000000000500816674816','\\SME\\LMACC',1),(103,'(LABORATÓRIO DE PESQUISA EM EQUAÇÕES DE EVOLUÇAO)',54,55,0,'7005999999999999741798645760','\\SMA\\LPEE',1),(104,'(LABORATÓRIO DE ROBÓTICA MÓVEL)',56,55,0,'9006000000000000318129569792','\\SSC\\LRM',1),(105,'(LABORATÓRIO DE SIST. DIN. E EQUAÇÕES NÃO LINEARES',54,55,0,'7006999999999999820701892608','\\SMA\\LSDENL',1),(106,'(Laboratório de Sistemas Embarcados Críticos)',56,55,0,'9007000000000000397032816640','\\SSC\\LSEC',1),(107,'(LABORATÓRIO DE SINGULARIDADES)',54,55,0,'7007999999999999899605139456','\\SMA\\LSING',1),(108,'(LAB. DE VISUALIZAÇÃO, IMAGENS E COMPUTAÇÃO GRÁFIC',55,55,0,'8004000000000000421913427968','\\SME\\LVIGC',1),(109,'(NÚCLEO INTERINSTITUCIONAL DE LINGUÍSTICA COMPUTAC',53,55,0,'6010000000000000319001985024','\\SCE\\NILC',1),(110,'(LABORATÓRIO DE OTIMIZAÇÃO)',53,55,0,'6011000000000000397905231872','\\SCE\\OTIMIZAÇÃO',1),(111,'(LABORATÓRIO DE OTIMIZAÇÃO)',55,55,0,'8006999999999999559111540736','\\SME\\OTIMIZAÇÃO',1),(112,'(PROJETO 1 - Prof. Eduardo Marques - material ROBÔ',45,55,0,'3013999999999999770118586368','\\DIRETORIA\\P1-ANDRÉ-ROBÔ',1),(123,'(PROJETOS ESPECIAIS)',45,55,0,'3014999999999999849021833216','\\DIRETORIA\\PROJETOS ESPECIAIS',1),(124,'(PROJETOS DA PRP - DOCENTES DO DEPTO. SCC)',52,55,0,'5006000000000000264979349504','\\SCC\\PROJETOS PRP-SCC',1),(125,'(PROJETOS DA PRP - DOCENTES DO DEPTO. SMA)',54,55,0,'7012000000000000215218126848','\\SMA\\PROJETOS PRP-SMA',1),(126,'(PROJETOS DA PRP - DOCENTES DO DEPTO. SME)',55,55,0,'8005999999999999480208293888','\\SME\\PROJETOS PRP-SME',1),(127,'(PROJETOS DA PRP - DOCENTES DO DEPTO. SSC)',56,55,0,'9008999999999999455327682560','\\SSC\\PROJETOS PRP-SSC',1),(130,'(SALA DE APOIO À MULTIMÍDIA)',45,55,0,'3011000000000000083164659712','\\DIRETORIA\\SAP-1',1),(131,'(SALA DE APOIO A MULTIMIDIA)',45,55,0,'3020999999999999772685500416','\\DIRETORIA\\SAP-2',1),(132,'(SEÇÃO DE APOIO INSTITUCIONAL)',45,55,0,'3018000000000000085731573760','\\DIRETORIA\\SCAPINST',1),(133,'(CHEFE DO SCC)',52,55,0,'5001999999999999949366362112','\\SCC\\SCC-CHEFE',1),(134,'(SECRETARIA DO DEPTO. DE CIÊNCIAS DE COMPUTAÇÃO)',52,55,0,'5000999999999999870463115264','\\SCC\\SEC-SCC',1),(135,'(SECRETARIA DO DEPARTAMENTO DE COMPUTAÇÃO)',53,55,0,'6012000000000000476808478720','\\SCE\\SEC-SCE',1),(136,'(SECRETARIA DO DEPARTAMENTO DE MATEMÁTICA)',54,55,0,'7008999999999999978508386304','\\SMA\\SEC-SMA',1),(137,'(SECRETARIA DO DEPTO DE MATEMÁTICA APLICADA E ESTA',55,55,0,'8001000000000000185203687424','\\SME\\SEC-SME',1),(138,'(SECRETARIA DO DEPARTAMENTO DE SISTEMAS DA COMPUTA',56,55,0,'9000999999999999923613335552','\\SSC\\SEC-SSC',1),(139,'(SECRETARIA E EXPEDIENTE DA DIRETORIA)',45,55,0,'3012000000000000162067906560','\\DIRETORIA\\SECRETARIA DIREÇÃO',1),(141,'(CHEFE DO SMA)',54,55,0,'7010000000000000057411633152','\\SMA\\SMA-CHEFE',1),(142,'(CHEFE DO SME)',55,55,0,'8002000000000000264106934272','\\SME\\SME-CHEFE',1),(143,'(CHEFE DO SSC)',56,55,0,'9004000000000000160323076096','\\SSC\\SSC-CHEFE',1),(145,'(VICE-DIRETOR DO ICMC)',45,55,0,'3020000000000000243538067456','\\DIRETORIA\\VICE-DIRETOR',1),(148,'(RESPONSÁVEL - ASSISTÊNCIA TÉCNICA ACADÊMICA)',58,55,0,'3001003999999999743048548352','\\DIRETORIA\\ATAC\\ATAC-CHEFE',2),(149,'(RESPONSÁVEL - ASSISTÊNCIA TÉCNICA ADMINISTRATIVA)',59,55,0,'3002010999999999920360652800','\\DIRETORIA\\ATAD\\ATAD-CHEFE',2),(150,'(SEÇÃO DE ATENDIMENTO À USUÁRIOS)',62,55,0,'3004000999999999780509974528','\\DIRETORIA\\BIBLIOTECA\\ATEND-USUÁRIOS',2),(151,'(RESPONSÁVEL - ASSISTÊNCIA TÉCNICA FINANCEIRA)',61,55,0,'3003005999999999850435313664','\\DIRETORIA\\ATF\\ATF-CHEFE',2),(152,'(RESPONSÁVEL - BIBLIOTECA)',62,55,0,'3004002999999999730090246144','\\DIRETORIA\\BIBLIOTECA\\BIBLIO-CHEFE',2),(157,'(COC-Comissão de Cursos - Engenharia de Computação',76,55,0,'9002001000000000252184625152','\\SSC\\ENGCOMP\\COC-MJS',2),(158,'(SEÇÃO DE CONSERVAÇÃO E LIMPEZA)',59,55,0,'3002001000000000172459294720','\\DIRETORIA\\ATAD\\CONSERV-LIMPEZA',2),(159,'(SERVIÇO DE CONTABILIDADE)',61,55,0,'3003001000000000251362541568','\\DIRETORIA\\ATF\\CONTABILIDADE',2),(160,'(SERVIÇO DE CONVÊNIOS, BOLSAS E AUXÍLIOS)',61,55,0,'3003001999999999951274770432','\\DIRETORIA\\ATF\\CONVÊNIOS',2),(161,'(SVAPAC - SERVIÇO DE APOIO ACADÊMICO)',58,55,0,'3001001000000000093556047872','\\DIRETORIA\\ATAC\\EVENTOS',2),(162,'(SEÇÃO DE FINANÇAS E CONTABILIDADE)',61,55,0,'3003003000000000200942813184','\\DIRETORIA\\ATF\\FINANCAS',2),(163,'(SERVIÇO DE GRADUAÇÃO)',58,55,0,'3001001999999999793468276736','\\DIRETORIA\\ATAC\\GRADUAÇÃO',2),(164,'(SERVIÇO GRÁFICO)',59,55,0,'3002001999999999872371523584','\\DIRETORIA\\ATAD\\GRÁFICA',2),(165,'(LABORATÓRIO DE SISTEMAS DIGITAIS)',68,55,0,'3006000999999999938316468224','\\DIRETORIA\\COMISSÃO DE INFORMÁT\\LASD',2),(178,' PRP - EVERALDO BONOTTO',126,55,0,'8006000999999999729876336640','\\SME\\PROJETOS PRP-SME\\NOVOS DOCENTES',2),(198,'(SEÇÃO PESSOAL)',59,55,0,'3002003000000000122039566336','\\DIRETORIA\\ATAD\\PESSOAL',2),(200,'(SERVIÇO DE PÓS-GRADUAÇÃO)',58,55,0,'3001003000000000043136319488','\\DIRETORIA\\ATAC\\POSGRAD',2),(202,'(SEÇÃO DE PROTOCOLO E EXPEDIENTE)',59,55,0,'3002003999999999821951795200','\\DIRETORIA\\ATAD\\PROTOCOLO',2),(203,'(PRP-João Porto de Albuquerque Pereira)',127,55,0,'9009004000000000453999853568','\\SSC\\PROJETOS PRP-SSC\\PRP - JOÃO PORTO',2),(204,'(PRP Elias Salomão Helou Neto)',126,55,0,'8006005999999999878704922624','\\SME\\PROJETOS PRP-SME\\PRP ELIAS',2),(205,'(PRP Igor Mencattini)',125,55,0,'7012005000000000364046712832','\\SMA\\PROJETOS PRP-SMA\\PRP IGOR',2),(206,'(PRP  Raimundo Nonato Santos)',125,55,0,'7012004000000000114378670080','\\SMA\\PROJETOS PRP-SMA\\PRP RAIMUNDO',2),(207,'(PRP -  Ali Tahzibi)',125,55,0,'7012001999999999615042584576','\\SMA\\PROJETOS PRP-SMA\\PRP-ALI',2),(208,'(PRP -  Antonio Castelo Filho)',126,55,0,'8006003000000000229212422144','\\SME\\PROJETOS PRP-SME\\PRP-CASTELO',2),(209,'(PRP - CIBELI RUSSO)',126,55,0,'8006004000000000478880464896','\\SME\\PROJETOS PRP-SME\\PRP-CIBELI',2),(210,'(PRP -  Marcio Eduardo Delamaro)',127,55,0,'9009001999999999954663768064','\\SSC\\PROJETOS PRP-SSC\\PRP-DELAMARO',2),(211,'(PRP - Dilvan de Abreu Moreira)',124,55,0,'5006005999999999563964350464','\\SCC\\PROJETOS PRP-SCC\\PRP-DILVAN',2),(212,'(PRP - Eduardo Tengan)',125,55,0,'7012002999999999864710627328','\\SMA\\PROJETOS PRP-SMA\\PRP-EDUARDO TENGAN',2),(213,'(PRP - Ricardo Sandes Ehlers)',126,55,0,'8006004999999999629036879872','\\SME\\PROJETOS PRP-SME\\PRP-EHLERS',2),(214,'(PRP -  Franklina Toledo)',126,55,0,'8006001999999999979544379392','\\SME\\PROJETOS PRP-SME\\PRP-FRANKLINA',2),(215,'(PRP -  Maria da Graça Pimentel)',124,55,0,'5006001999999999664803807232','\\SCC\\PROJETOS PRP-SCC\\PRP-GRAÇA PIMENTEL',2),(216,'(PRP - Jose Fernando Rodrigues Junior)',124,55,0,'5006005000000000413807935488','\\SCC\\PROJETOS PRP-SCC\\PRP-JOSE FERNANDO',2),(217,'(PRP - Kalinka R L J C Branco)',127,55,0,'9009003000000000204331810816','\\SSC\\PROJETOS PRP-SSC\\PRP-KALINKA',2),(218,'(PRP -  Miriam Cardoso Utsumi)',125,55,0,'7012001000000000464886169600','\\SMA\\PROJETOS PRP-SMA\\PRP-MIRIAM UTSUMI',2),(219,'(PRP - Moacir Pereira Ponti Junior)',124,55,0,'5006002999999999914471849984','\\SCC\\PROJETOS PRP-SCC\\PRP-MOACIR PONTI JR',2),(220,'(PRP - Rodrigo Fernandes de Mello)',124,55,0,'5006004000000000164139892736','\\SCC\\PROJETOS PRP-SCC\\PRP-RODRIGO MELLO',2),(221,'(PRP -  Sandra Maria Aluísio)',124,55,0,'5006001000000000514647392256','\\SCC\\PROJETOS PRP-SCC\\PRP-SANDRA ALUÍSIO',2),(222,'PRP -  Seiji Isotani',127,55,0,'9009000999999999704995725312','\\SSC\\PROJETOS PRP-SSC\\PRP-SEIJI',2),(224,'(SECRETARIA DA ASSISTÊNCIA ADMINISTRATIVA)',59,55,0,'3002005000000000071619837952','\\DIRETORIA\\ATAD\\SEC-ATAD',2),(225,'(SEÇÃO DE SERVIÇOS GERAIS / INFRAESTRUTURA)',59,55,0,'3002005999999999771532066816','\\DIRETORIA\\ATAD\\SERV-GERAIS',2),(226,'SEÇÃO TÉCNICA DE INFORMÁTICA',68,55,0,'3006002000000000187984510976','\\DIRETORIA\\COMISSÃO DE INFORMÁT\\STI',2),(227,'(SERVIÇO DE APOIO ADMINISTRATIVO)',59,55,0,'3002007000000000021200109568','\\DIRETORIA\\ATAD\\SVAPADM',2),(228,'(SERVIÇO DE APOIO OPERACIONAL)',59,55,0,'3002008000000000270868152320','\\DIRETORIA\\ATAD\\SVAPOPER',2),(229,'(SERVIÇO DE MATERIAIS)',61,55,0,'3003003999999999900855042048','\\DIRETORIA\\ATF\\SVMAPAT',2),(230,'(SERVIÇO DE PESSOAL E EXPEDIENTE)',59,55,0,'3002008999999999970780381184','\\DIRETORIA\\ATAD\\SVPEXP',2),(231,'(SERVIÇO DE TESOURARIA)',61,55,0,'3003005000000000150523084800','\\DIRETORIA\\ATF\\TESOURARIA',2),(232,'(SEÇÃO DE TRANSPORTES)',59,55,0,'3002010000000000220448423936','\\DIRETORIA\\ATAD\\TRANSPORTES',2),(233,'(SEÇÃO DE TRATAMENTO DA INFORMAÇÃO)',62,55,0,'3004002000000000030178017280','\\DIRETORIA\\BIBLIOTECA\\TRATAM-INFORM',2),(235,'(SEÇÃO DE AUDIOVISUAL)',226,55,0,'3006002000999999966132830208','\\DIRETORIA\\COMISSÃO DE INFORMÁT\\STI\\AUDIOVISUAL',3),(236,'(SEÇÃO DE AUTOMAÇÃO)',233,55,0,'3004002000999999808326336512','\\DIRETORIA\\BIBLIOTECA\\TRATAM-INFORM\\AUTOMAÇÃO',3),(237,'(BOLSISTAS)',200,55,0,'3001003000999999821284638720','\\DIRETORIA\\ATAC\\POSGRAD\\BOLSISTAS',3),(238,'(Introdução ao Desenvolvimento de IOS)',161,55,0,'3001001000999999871704367104','\\DIRETORIA\\ATAC\\EVENTOS\\C.EX-12.1.00834.55.0',3),(239,'(SETOR DE FOTOCÓPIAS)',164,55,0,'3002002001000000200275656704','\\DIRETORIA\\ATAD\\GRÁFICA\\FOTOCÓPIAS',3),(240,'(Instituto Nacional de Ciência e Tecnologia)',160,55,0,'3003002000999999729423089664','\\DIRETORIA\\ATF\\CONVÊNIOS\\INCT-SEC',3),(241,'(RESPONSÁVEL- SEÇÃO TÉCNICA DE INFORMÁTICA)',226,55,0,'3006002001999999744281149440','\\DIRETORIA\\COMISSÃO DE INFORMÁT\\STI\\STI-CHEFE',3),(242,'(SEÇÃO DE TRANSPORTES / VEÍCULOS)',225,55,0,'3002006001000000099436199936','\\DIRETORIA\\ATAD\\SERV-GERAIS\\VEÍCULOS',3),(243,'(Introdução ao Desenvolvimento de IOS)',238,55,0,'3001001001000999877529829376','\\DIRETORIA\\ATAC\\EVENTOS\\C.EX-12.1.00834.55.0\\C.EX-12.1.00834.55.0',4),(244,'FAPESP 13/07375-0 CEPID José Alberto Cuminato Poti',55,55,0,NULL,NULL,0),(245,'PP CEPID Murilo Francisco Tomé',244,55,0,NULL,NULL,0),(246,'Andre Carlos Ponce de Leon Ferreira de Carvalho',244,55,0,NULL,NULL,0),(247,'Antonio Castelo Filho',244,55,0,NULL,NULL,0),(248,'Eduardo Raul Hruschka',244,55,0,NULL,NULL,0),(249,'Francisco Louzada neto',244,55,0,NULL,NULL,0),(250,'José Alberto Cuminato',244,55,0,NULL,NULL,0),(251,'José Carlos Maldonado',244,55,0,NULL,NULL,0),(252,'Murilo Francisco Tomé',244,55,0,NULL,NULL,0),(253,'Mário de Castro Andrade Filho',244,55,0,NULL,NULL,0),(254,'Ernesto Julián Goldberg Birgin',244,55,0,NULL,NULL,0),(255,'Geraldo Nunes Silva',244,55,0,NULL,NULL,0),(256,'João Luiz Filgueiras de Azevedo',244,55,0,NULL,NULL,0),(257,'José Mario Martinez Perez',244,55,0,NULL,NULL,0),(258,'Julio Michael Stern',244,55,0,NULL,NULL,0),(259,'Roberto Andreani',244,55,0,NULL,NULL,0),(260,'Ronaldo Dias',244,55,0,NULL,NULL,0),(261,'FAPESP 11/20804-1 Raimundo Nonato Araujo dos Santos',54,55,0,NULL,NULL,2),(263,'FAPESP 11/16411-4 ',52,55,0,NULL,NULL,2),(268,'FAPESP 11/16411-4 Moacir Ponti',52,55,0,NULL,NULL,2),(269,'FAPESP 13/24158-2 Francisco Louzada',55,55,0,NULL,NULL,2),(270,'PP Pablo Martin ',269,55,0,NULL,NULL,3),(271,'Subcentros',NULL,55,0,NULL,NULL,0),(272,'Seguro Saúde',271,55,0,NULL,NULL,2),(273,'(ALMOXARIFADO)',NULL,55,0,'2000000000000000026575110144','\\ALMOX',0),(274,'(Introdução ao Desenvolvimento de IOS)',NULL,55,0,'14000000000000000735781584896','\\C.EX-12.1.00834.55.0',0),(275,'(DISTRIBUIDOR)',NULL,55,0,'1000000000000000013287555072','\\DISTRIBUIDOR',0),(276,'(Expansão Vagas - CONVSES2008CV00001)',NULL,55,0,'11999999999999999059939033088','\\E-CONV 17751',0),(277,'(Expansão Vagas - CONVSES2008CV00002)',NULL,55,0,'13000000000000000997371936768','\\E-CONV 18266',0),(278,'(PROJETO 1 - Prof. Eduardo Marques - material ROBÔ',NULL,55,0,'10999999999999999321529384960','\\P1-ANDRÉ-ROBÔ',0),(279,'(PROJETOS ESPECIAIS)',NULL,55,0,'9999999999999999583119736832','\\PROJETOS ESPECIAIS',0),(280,'(Salas Pró-Aluno)',NULL,55,0,'4000000000000000053150220288','\\PRÓ-ALUNO',0),(281,'(COMISSÃO DE COOPERAÇÃO INTERNACIONAL)',279,55,0,'10008999999999999193737330688','\\PROJETOS ESPECIAIS\\CCINT',1),(282,'(COMISSÃO DE ORÇAMENTO E PATRIMÔNIO - USP)',279,55,0,'10008000000000000214345711616','\\PROJETOS ESPECIAIS\\COP-USP',1),(283,'(DEPÓSITO PRÉ-DESCARTES DE INFORMÁTICA)',273,55,0,'2001000000000000105478356992','\\ALMOX\\DEPOSITO-INFORMATICA',1),(284,' (DEPÓSITO PRÉ-DESCARTES DE MOBILIÁRIO)',273,55,0,'2001999999999999909503696896','\\ALMOX\\DEPÓSITO-MOBILIÁRIO',1),(285,'(PROJETO 1 - Prof. Eduardo Marques - material ROBÔ',279,55,0,'10001000000000000761534611456','\\PROJETOS ESPECIAIS\\P1-ANDRÉ-ROBÔ',1),(286,'(PROJETO 1 - Prof. Eduardo Marques - material ROBÔ',278,55,0,'11001000000000000499944259584','\\P1-ANDRÉ-ROBÔ\\P1-ANDRÉ-ROBÔ',1),(287,'(PROJETO 1 - PRP - EDUARDO MARQUES - ROBÔ)',279,55,0,'10001999999999999740926230528','\\PROJETOS ESPECIAIS\\P1-EDU-ROBÔ',1),(288,'(TESTE)',273,55,0,'2002999999999999988406943744','\\ALMOX\\PETER',1),(289,'(nOVO TESTE)',273,55,0,'2004000000000000067310190592','\\ALMOX\\PETER2',1),(290,'(PRÓ-REITORIA DE CULTURA E EXTENSÃO)',279,55,0,'10006000000000000056539217920','\\PROJETOS ESPECIAIS\\PR-CULTURA EXTENSÃO',1),(291,'(PRÓ-REITORIA DE GRADUAÇÃO)',279,55,0,'10006999999999999035930836992','\\PROJETOS ESPECIAIS\\PR-GRADUAÇÃO',1),(292,'(PRÓ-REITORIA DE PESQUISAS)',279,55,0,'10003999999999999898732724224','\\PROJETOS ESPECIAIS\\PR-PESQUISAS',1),(293,'(PRÓ-REITORIA DE PÓS-GRADUAÇÃO)',279,55,0,'10005000000000001077147598848','\\PROJETOS ESPECIAIS\\PR-PÓS GRADUAÇÃO',1),(294,'(PROIP - Pró-Reitoria de Pesquisas - Prof. Rudinei',279,55,0,'10003000000000000919341105152','\\PROJETOS ESPECIAIS\\PROIP-RUDINEI',1),(295,'(RECEITAS EXTERNAS - DOAÇÕES RECEBIDAS EM ESPÉCIE)',279,55,0,'10012000000000000529958699008','\\PROJETOS ESPECIAIS\\RECEITAS EXTERNAS',1),(296,'(PROJETOS ESPECIAIS DA REITORIA)',279,55,0,'10010000000000000372152205312','\\PROJETOS ESPECIAIS\\REITORIA',1),(297,'(SISTEMA INTEGRADO DE BIBLIOTECAS USP)',279,55,0,'10010999999999999351543824384','\\PROJETOS ESPECIAIS\\SIBI-USP',1),(298,'(testando)',45,55,0,'3024000000000000009395240960','\\DIRETORIA\\TESTE',1),(299,'(Aux.Prof. ANDRAS RONTO - Coord. Marcia Federson)',293,55,0,'10005005000000000126464557056','\\PROJETOS ESPECIAIS\\PR-PÓS GRADUAÇÃO\\ANDRAS RONTO',2),(300,'(ARC-2007-Pró-Reitoria de Pós-Graduação - E.Marque',293,55,0,'10005000999999999127792386048','\\PROJETOS ESPECIAIS\\PR-PÓS GRADUAÇÃO\\ARC-2007-EDU',2),(301,'(PRCEU - Capa cadernos de Matemática e Computação)',290,55,0,'10006001000000000306207260672','\\PROJETOS ESPECIAIS\\PR-CULTURA EXTENSÃO\\CADERNOS',2),(302,'(CADERNOS DE MATEMÁTICA)',291,55,0,'10007001999999999535266922496','\\PROJETOS ESPECIAIS\\PR-GRADUAÇÃO\\CADERNOS MATEMÁTICA',2),(303,'(PRP-Prof. Charl Botha- Profa. Rosane Minghim)',293,55,0,'10005001999999999377460428800','\\PROJETOS ESPECIAIS\\PR-PÓS GRADUAÇÃO\\CBOTHA',2),(304,'(AUXÍLIO - PRPG - Profa. CRISTINA CIFERI)',293,55,0,'10005003999999999876796514304','\\PROJETOS ESPECIAIS\\PR-PÓS GRADUAÇÃO\\CIFERI-PRPÓS',2),(305,'(APOIO PARA APRESENTAÇÃO MUSICAL - PROF GRAÇA NUNE',290,55,0,'10006002000000000555875303424','\\PROJETOS ESPECIAIS\\PR-CULTURA EXTENSÃO\\MUSIC7',2),(306,'(Centro de Mat. e Est. Aplicadas à Industria)-NAP',292,55,0,'10004023999999999293695983616','\\PROJETOS ESPECIAIS\\PR-PESQUISAS\\NAP-CEMAI',2),(307,'(Centro de Robótica de São Carlos) - NAP',292,55,0,'10004022999999999044027940864','\\PROJETOS ESPECIAIS\\PR-PESQUISAS\\NAP-CROB',2),(308,'(Núcleo de Apoio à Pesq. em Software Livre)- NAP',292,55,0,'10004024999999999543364026368','\\PROJETOS ESPECIAIS\\PR-PESQUISAS\\NAP-SOL',2),(309,'(PROJETO NOVOS DOCENTES - PRP - DELAMARO)',292,55,0,'10004028000000000292368154624','\\PROJETOS ESPECIAIS\\PR-PESQUISAS\\NOVO DOCENTE-DELAMAR',2),(310,'(PROJETO NOVOS DOCENTES-PRP-RICARDO SANDES EHLERS)',292,55,0,'10004029000000000542036197376','\\PROJETOS ESPECIAIS\\PR-PESQUISAS\\NOVO DOCENTE-EHLERS',2),(311,'(PROJETO NOVOS DOCENTES-PRP-FRANCISCO AP. RODRIGUE',292,55,0,'10004021000000000743715110912','\\PROJETOS ESPECIAIS\\PR-PESQUISAS\\NOVO DOCENTE-FAR',2),(312,'(PROJETO NOVOS DOCENTES - PRP - José Fernando Juni',292,55,0,'10004017999999999994710982656','\\PROJETOS ESPECIAIS\\PR-PESQUISAS\\NOVO DOCENTE-JFERJ',2),(313,'(PROJETO NOVOS DOCENTES-PRP-PABLO MARTÍN RODRIGUEZ',292,55,0,'10004027000000000042700111872','\\PROJETOS ESPECIAIS\\PR-PESQUISAS\\NOVO DOCENTE-PABLO',2),(314,'PROJETO NOVOS DOCENTES - MARCELO GARCIA MANZATO',292,55,0,'10004025999999999793032069120','\\PROJETOS ESPECIAIS\\PR-PESQUISAS\\NOVO DOCENTE-PEMANZ',2),(315,'(PROJETO NOVOS DOCENTES - PRP - Igor Mencattini)',292,55,0,'10004019000000000244379025408','\\PROJETOS ESPECIAIS\\PR-PESQUISAS\\NOVO-DOCENTE',2),(316,'(PROJETO NOVOS DOCENTES - PRP - CIBELE RUSSO)',292,55,0,'10004030000000000791704240128','\\PROJETOS ESPECIAIS\\PR-PESQUISAS\\NOVO-DOCENTE-CIBELE',2),(317,' PRP - EVERALDO BONOTTO',292,55,0,'10004022000000000993383153664','\\PROJETOS ESPECIAIS\\PR-PESQUISAS\\NOVOS DOCENTES',2),(318,'(PROJETO NOVOS DOCENTES - PRP - Ederson M. Santos)',292,55,0,'10004020000000000494047068160','\\PROJETOS ESPECIAIS\\PR-PESQUISAS\\NOVOS-DOCENTES',2),(319,'(PROJETO 1 - PRP - ALI TAHZIBI)',292,55,0,'10004007999999999697053810688','\\PROJETOS ESPECIAIS\\PR-PESQUISAS\\P1 - ALI TAHZIBI',2),(320,'(PROJETO 1 - PRP - GUSTAVO ENRIQUE A. PRADO)',292,55,0,'10004008999999999946721853440','\\PROJETOS ESPECIAIS\\PR-PESQUISAS\\P1 - ENRI',2),(321,'(PROJETO 1 - ANTONIO CASTELO FILHO)',292,55,0,'10004004000000000897404895232','\\PROJETOS ESPECIAIS\\PR-PESQUISAS\\P1-ACF',2),(322,'(PROJETO 1 - PRP - ARENALES)',292,55,0,'10004003000000000647736852480','\\PROJETOS ESPECIAIS\\PR-PESQUISAS\\P1-AREN',2),(323,'(PROJETO 1 - PRP - PROF. MARCIO EDUARDO DELAMARO)',292,55,0,'10004010000000000196389896192','\\PROJETOS ESPECIAIS\\PR-PESQUISAS\\P1-DELAMARO',2),(324,'(PROJETO 1 - PRP - DENIS FERNANDO WOLF)',292,55,0,'10004014999999999245706854400','\\PROJETOS ESPECIAIS\\PR-PESQUISAS\\P1-DENIS',2),(325,'(PROJETO 1 - PROF. DILVAN DE ABREU MOREIRA)',292,55,0,'10004015999999999495374897152','\\PROJETOS ESPECIAIS\\PR-PESQUISAS\\P1-DILVAN',2),(326,'(PROJETO 1 - PRP - EDUARDO MARQUES)',292,55,0,'10004006999999999447385767936','\\PROJETOS ESPECIAIS\\PR-PESQUISAS\\P1-EDU',2),(327,'(PROJETO 1 - PRP - Eduardo Marques - ROBÔ)',292,55,0,'10004001000000000148400766976','\\PROJETOS ESPECIAIS\\PR-PESQUISAS\\P1-EDU-ROBÔ',2),(328,'(PROJETO 1 - LUIZ GUSTAVO NONATO)',292,55,0,'10004016999999999745042939904','\\PROJETOS ESPECIAIS\\PR-PESQUISAS\\P1-GNONATO',2),(329,'(PROJETO 1 - RICARDO J.G.B. CAMPELO)',292,55,0,'10004004999999998948049682432','\\PROJETOS ESPECIAIS\\PR-PESQUISAS\\P1-RIC',2),(330,'(PROJETO 1 - SANDRA MARIA ALUISIO)',292,55,0,'10004013000000000945394024448','\\PROJETOS ESPECIAIS\\PR-PESQUISAS\\P1-SAND',2),(331,'(PROJETO 1 - MIRIAN CARDOSO UTSUMI)',292,55,0,'10004011000000000446057938944','\\PROJETOS ESPECIAIS\\PR-PESQUISAS\\P1-UTSUMI',2),(332,'(PROJETO 1 - FRANKLINA M. B. DE TOLEDO)',292,55,0,'10004005999999999197717725184','\\PROJETOS ESPECIAIS\\PR-PESQUISAS\\P1FRAN',2),(333,'(PROJETO 1 - MARIA DAS GRAÇAS VOLPE NUNES)',292,55,0,'10004013999999998996038811648','\\PROJETOS ESPECIAIS\\PR-PESQUISAS\\P1GRAÇANUNES',2),(334,'(PROJETO 1 - EDUARDO HRUSCHKA)',292,55,0,'10004012000000000695725981696','\\PROJETOS ESPECIAIS\\PR-PESQUISAS\\P1HRUSCHKA',2),(335,'(AUX. - PRPG- VIAGEM POLÔNIO/FRANÇA - PEDRO RIOS)',293,55,0,'10005002999999999627128471552','\\PROJETOS ESPECIAIS\\PR-PÓS GRADUAÇÃO\\PEDRO RIOS',2),(336,'(Programa de Educação Tutorial - Convênio 2007)',291,55,0,'10007000999999999285598879744','\\PROJETOS ESPECIAIS\\PR-GRADUAÇÃO\\PET-2007',2),(337,'(PROIP - Pró-Reitoria de Pesquisas - Prof. Rudinei',292,55,0,'10004002000000000398068809728','\\PROJETOS ESPECIAIS\\PR-PESQUISAS\\PROIP-RUDINEI',2),(338,'(DOAÇÃO DA MICROSOFT - PROF. RODRIGO MELO)',295,55,0,'10012001000000000779626741760','\\PROJETOS ESPECIAIS\\RECEITAS EXTERNAS\\RECEXT-RODRIGO',2),(339,'(PROJETO URANO - AQUISIÇÃO DE COMPUTADORES)',296,55,0,'10010001000000000621820248064','\\PROJETOS ESPECIAIS\\REITORIA\\URANO',2),(340,'PP Murilo Francisco Tomé',271,55,0,NULL,NULL,2),(341,'PP Francisco Louzada Neto CEPID 13/07375-0',271,55,0,NULL,NULL,2),(342,'PP GEraldo Nunes Silva CEPID 13/07375-0',271,55,0,NULL,NULL,2),(343,'PP João Luiz Filgueiras de Azevedo CEPID 13/07375-0',271,55,0,NULL,NULL,2),(344,'PP Ronaldo Dias CEPID 13/07375-0',271,55,0,NULL,NULL,2),(345,'Luis Gustavo Nonato PP 11/22749-8',271,55,0,NULL,NULL,2),(346,'Rosane Minghim PP 11/22749-8',271,55,0,NULL,NULL,2),(347,'Helio Pedrini PP 11/22749-8',271,55,0,NULL,NULL,2),(348,'Maria Cristina Ferreira de Oliveira PP 11/22749-8',271,55,0,NULL,NULL,2),(349,'PP Farid Tari 14/00304-2 Temático',271,55,0,NULL,NULL,2),(350,'PP Marcelo José Saia 14/00304-2 Temático',271,55,0,NULL,NULL,2),(351,'PP Maria Aparecida Soares Ruas 14/00304-2 Temático',271,55,0,NULL,NULL,2),(352,'Mario de Castro A. Filho PP 13/07375-0',NULL,55,0,NULL,NULL,0);
/*!40000 ALTER TABLE `centro_despesa` ENABLE KEYS */;
UNLOCK TABLES;

--
-- Table structure for table `cheque`
--

DROP TABLE IF EXISTS `cheque`;
/*!40101 SET @saved_cs_client     = @@character_set_client */;
/*!40101 SET character_set_client = utf8 */;
CREATE TABLE `cheque` (
  `id_cheque` int(11) NOT NULL,
  `data_emissao` date DEFAULT NULL,
  `numero` varchar(50) NOT NULL,
  `status` varchar(50) NOT NULL,
  `valor` decimal(12,2) DEFAULT NULL,
  `fk_conta_corrente` int(11) NOT NULL,
  `fk_despesa` int(11) NOT NULL,
  PRIMARY KEY (`id_cheque`),
  KEY `FKAED8F221416880C7` (`fk_conta_corrente`),
  KEY `FKAED8F22174D121D2` (`fk_despesa`),
  CONSTRAINT `FKAED8F221416880C7` FOREIGN KEY (`fk_conta_corrente`) REFERENCES `conta_corrente` (`id_conta_corrente`),
  CONSTRAINT `FKAED8F22174D121D2` FOREIGN KEY (`fk_despesa`) REFERENCES `despesa` (`id_despesa`)
) ENGINE=InnoDB DEFAULT CHARSET=latin1;
/*!40101 SET character_set_client = @saved_cs_client */;

--
-- Dumping data for table `cheque`
--

LOCK TABLES `cheque` WRITE;
/*!40000 ALTER TABLE `cheque` DISABLE KEYS */;
/*!40000 ALTER TABLE `cheque` ENABLE KEYS */;
UNLOCK TABLES;

--
-- Table structure for table `cities`
--

DROP TABLE IF EXISTS `cities`;
/*!40101 SET @saved_cs_client     = @@character_set_client */;
/*!40101 SET character_set_client = utf8 */;
CREATE TABLE `cities` (
  `id_city` int(11) NOT NULL,
  `latitude` decimal(19,2) DEFAULT NULL,
  `longitude` decimal(19,2) DEFAULT NULL,
  `city` varchar(100) DEFAULT NULL,
  `accent_city` varchar(100) DEFAULT NULL,
  `population` decimal(19,2) DEFAULT NULL,
  `fk_region` varchar(2) NOT NULL,
  PRIMARY KEY (`id_city`),
  KEY `FKAEEDBB49BA23E9D2` (`fk_region`),
  CONSTRAINT `FKAEEDBB49BA23E9D2` FOREIGN KEY (`fk_region`) REFERENCES `subcountries` (`code`)
) ENGINE=InnoDB DEFAULT CHARSET=latin1;
/*!40101 SET character_set_client = @saved_cs_client */;

--
-- Dumping data for table `cities`
--

LOCK TABLES `cities` WRITE;
/*!40000 ALTER TABLE `cities` DISABLE KEYS */;
/*!40000 ALTER TABLE `cities` ENABLE KEYS */;
UNLOCK TABLES;

--
-- Table structure for table `configuracao`
--

DROP TABLE IF EXISTS `configuracao`;
/*!40101 SET @saved_cs_client     = @@character_set_client */;
/*!40101 SET character_set_client = utf8 */;
CREATE TABLE `configuracao` (
  `id_configuracao` varchar(255) NOT NULL,
  `descricao` longtext NOT NULL,
  `grupo` longtext NOT NULL,
  `nome` longtext NOT NULL,
  `valor` longtext NOT NULL,
  PRIMARY KEY (`id_configuracao`)
) ENGINE=InnoDB DEFAULT CHARSET=latin1;
/*!40101 SET character_set_client = @saved_cs_client */;

--
-- Dumping data for table `configuracao`
--

LOCK TABLES `configuracao` WRITE;
/*!40000 ALTER TABLE `configuracao` DISABLE KEYS */;
INSERT INTO `configuracao` VALUES ('CONFIG_AUDITORIA_ADD_PARTICIPANTE_PROJETO','Auditar Cadastro de Participante em Projeto','config_auditoria','Auditar Cadastro de Participante em Projeto','true'),('CONFIG_AUDITORIA_ADICIONAR_AUXILIO','Auditar Cadastro de Auxílio','config_auditoria','Auditar Cadastro de Auxílio','true'),('CONFIG_AUDITORIA_ADICIONAR_PESSOA','Auditar Cadastro de Pessoas','config_auditoria','Auditar Cadastro de Pessoas','true'),('CONFIG_AUDITORIA_ADICIONAR_PROJETO','Auditar Cadastro de Projeto','config_auditoria','Auditar Cadastro de Projeto','true'),('CONFIG_AUDITORIA_DEL_PARTICIPANTE_PROJETO','Auditar Exclusão de Participante de Projeto','config_auditoria','Auditar Exclusão de Participante de Projeto','true'),('CONFIG_AUDITORIA_EDITAR_AUXILIO','Auditar Edição de Auxílio','config_auditoria','Auditar Edição de Auxílio','true'),('CONFIG_AUDITORIA_EDITAR_PESSOA','Auditar Edição de Pessoas','config_auditoria','Auditar Edição de Pessoas','true'),('CONFIG_AUDITORIA_EDITAR_PROJETO','Auditar Edição de Projeto','config_auditoria','Auditar Edição de Projeto','true'),('CONFIG_AUDITORIA_EMAIL_CONTAS_ATAF','Auditar envio de e-mail para Financeiro','config_auditoria','Auditar envio de e-mail para Financeiro','true'),('CONFIG_AUDITORIA_EMAIL_CONTAS_VENCER','Auditar envio de e-mail para responsável de Projeto','config_auditoria','Auditar envio de e-mail para responsável de Projeto','true'),('CONFIG_AUDITORIA_ERRO_LOGIN','Auditar Tentativa de Login inválida no Sistema','config_auditoria','Auditar Tentativa de Login inválida no Sistema','true'),('CONFIG_AUDITORIA_LOGIN','Auditar Login no Sistema','config_auditoria','Auditar Login no Sistema','true'),('CONFIG_AUDITORIA_REMANEJAR_AUXILIO','Auditar Remanejamento de Auxílio','config_auditoria','Auditar Remanejamento de Auxílio','true'),('CONFIG_AUDITORIA_SENHA_EMAIL','Auditar envio de e-mail de recuperação de senha','config_auditoria','Auditar envio de e-mail de recuperação de senha','true'),('CONFIG_AUDITORIA_SENHA_PESSOA','Auditar Alteração de Senha de Pessoa','config_auditoria','Auditar Alteração de Senha de Pessoa','true'),('CONFIG_AUDITORIA_STATUS_AUXILIO','Auditar Alteração de Status de Auxílio','config_auditoria','Auditar Alteração de Status de Auxílio','true'),('CONFIG_AUDITORIA_STATUS_PROJETO','Auditar Alteração de Status de Projeto','config_auditoria','Auditar Alteração de Status de Projeto','true'),('CONFIG_AUDITORIA_TRANSPOSICAO_ALINEA','Auditar Transposição de Alínea','config_auditoria','Auditar Transposição de Alínea','true'),('CONFIG_DEFAULT_UNIDADE','Instituicao default','config_default','Instituicao default','ICMC   '),('CONFIG_MAIL_ADDRESS','Endereço de e-mail','mail_config','Endereço de e-mail','sgpc.teste@gmail.com'),('CONFIG_MAIL_EXIBITION_NAME','Nome de Exibição no e-mail','mail_config','Nome para Exibição','SGPC'),('CONFIG_MAIL_HOST','Endereço do Servidor de E-mail','mail_config','Host','smtp.gmail.com'),('CONFIG_MAIL_PASSWORD','Senha para login no e-mail','mail_config','Password','amepdtbaqf'),('CONFIG_MAIL_USERNAME','Nome de usuário para login no e-mail','mail_config','Username','sgpc.teste@gmail.com'),('CONFIG_NOTIFICACAO_COTACAO','E-mails para notificação sobre Cotações','notificacao_config','E-mail para notificação ','artur@gmail.com\r\nsampaio.artur@gmail.com'),('CONFIG_NOTIFICACAO_PRESTACAO_RELATORIO','E-mails para notificação sobre Prestação de Contas e Relatórios Científicos','notificacao_config','E-mail para notificação','sampaio.artur@gmail.com\r\nsalla@icmc.usp.br\r\ntati@icmc.usp.br\r\nflavia@icmc.usp.br\r\naline@icmc.usp.br'),('CONFIG_RECIBO_TEXTO','Texto a ser impresso no recibo de despesa (diária)','config_despesa','Texto a ser impresso no recibo de despesa (diária)','Eu, NOME_PESSOA, portador do CPF numero CPF_PESSOA declaro para os devidos fins ter recebido o valor de VALOR_DESPESA referente a QTD_DIARIAS diária(s)');
/*!40000 ALTER TABLE `configuracao` ENABLE KEYS */;
UNLOCK TABLES;

--
-- Table structure for table `conta_corrente`
--

DROP TABLE IF EXISTS `conta_corrente`;
/*!40101 SET @saved_cs_client     = @@character_set_client */;
/*!40101 SET character_set_client = utf8 */;
CREATE TABLE `conta_corrente` (
  `id_conta_corrente` int(11) NOT NULL AUTO_INCREMENT,
  `agencia` varchar(50) NOT NULL,
  `data_abertura` date DEFAULT NULL,
  `numero` varchar(50) NOT NULL,
  `fk_instituicao_bancaria` int(11) NOT NULL,
  `fk_pessoa` int(11) NOT NULL,
  `ativa` tinyint(1) NOT NULL DEFAULT '1',
  PRIMARY KEY (`id_conta_corrente`),
  KEY `FK3AA75567C78A046` (`fk_pessoa`),
  KEY `FK3AA755649334AD5` (`fk_instituicao_bancaria`),
  CONSTRAINT `FK3AA755649334AD5` FOREIGN KEY (`fk_instituicao_bancaria`) REFERENCES `instituicao_bancaria` (`id_instituicao_bancaria`),
  CONSTRAINT `FK3AA75567C78A046` FOREIGN KEY (`fk_pessoa`) REFERENCES `pessoa` (`id_pessoa`)
) ENGINE=InnoDB DEFAULT CHARSET=latin1;
/*!40101 SET character_set_client = @saved_cs_client */;

--
-- Dumping data for table `conta_corrente`
--

LOCK TABLES `conta_corrente` WRITE;
/*!40000 ALTER TABLE `conta_corrente` DISABLE KEYS */;
/*!40000 ALTER TABLE `conta_corrente` ENABLE KEYS */;
UNLOCK TABLES;

--
-- Table structure for table `cotacao`
--

DROP TABLE IF EXISTS `cotacao`;
/*!40101 SET @saved_cs_client     = @@character_set_client */;
/*!40101 SET character_set_client = utf8 */;
CREATE TABLE `cotacao` (
  `id_cotacao` int(11) NOT NULL AUTO_INCREMENT,
  `data_solicitada` date NOT NULL,
  `observacoes` longtext,
  `status` varchar(20) DEFAULT NULL,
  `fk_projeto` int(11) NOT NULL,
  PRIMARY KEY (`id_cotacao`),
  KEY `FK39031558AA2448EE` (`fk_projeto`),
  CONSTRAINT `FK39031558AA2448EE` FOREIGN KEY (`fk_projeto`) REFERENCES `projeto` (`id_projeto`)
) ENGINE=InnoDB DEFAULT CHARSET=latin1;
/*!40101 SET character_set_client = @saved_cs_client */;

--
-- Dumping data for table `cotacao`
--

LOCK TABLES `cotacao` WRITE;
/*!40000 ALTER TABLE `cotacao` DISABLE KEYS */;
/*!40000 ALTER TABLE `cotacao` ENABLE KEYS */;
UNLOCK TABLES;

--
-- Table structure for table `cotas_bolsas`
--

DROP TABLE IF EXISTS `cotas_bolsas`;
/*!40101 SET @saved_cs_client     = @@character_set_client */;
/*!40101 SET character_set_client = utf8 */;
CREATE TABLE `cotas_bolsas` (
  `id_cotas_bolsas` int(11) NOT NULL AUTO_INCREMENT,
  `observacoes` varchar(255) DEFAULT NULL,
  `qtd_concedida` int(11) DEFAULT NULL,
  `qtd_disponivel` int(11) DEFAULT NULL,
  `fk_auxilio` int(11) NOT NULL,
  `fk_modalidade` int(11) NOT NULL,
  PRIMARY KEY (`id_cotas_bolsas`),
  KEY `FK6132DDEBE7C6B642` (`fk_auxilio`),
  KEY `FK6132DDEBF04F71AC` (`fk_modalidade`),
  CONSTRAINT `FK6132DDEBE7C6B642` FOREIGN KEY (`fk_auxilio`) REFERENCES `auxilio` (`id_auxilio`),
  CONSTRAINT `FK6132DDEBF04F71AC` FOREIGN KEY (`fk_modalidade`) REFERENCES `modalidade` (`id_modalidade`)
) ENGINE=InnoDB DEFAULT CHARSET=latin1;
/*!40101 SET character_set_client = @saved_cs_client */;

--
-- Dumping data for table `cotas_bolsas`
--

LOCK TABLES `cotas_bolsas` WRITE;
/*!40000 ALTER TABLE `cotas_bolsas` DISABLE KEYS */;
/*!40000 ALTER TABLE `cotas_bolsas` ENABLE KEYS */;
UNLOCK TABLES;

--
-- Table structure for table `countries`
--

DROP TABLE IF EXISTS `countries`;
/*!40101 SET @saved_cs_client     = @@character_set_client */;
/*!40101 SET character_set_client = utf8 */;
CREATE TABLE `countries` (
  `code` varchar(2) NOT NULL,
  `country` varchar(100) DEFAULT NULL,
  `latitude` decimal(19,2) DEFAULT NULL,
  `longitude` decimal(19,2) DEFAULT NULL,
  PRIMARY KEY (`code`)
) ENGINE=InnoDB DEFAULT CHARSET=latin1;
/*!40101 SET character_set_client = @saved_cs_client */;

--
-- Dumping data for table `countries`
--

LOCK TABLES `countries` WRITE;
/*!40000 ALTER TABLE `countries` DISABLE KEYS */;
/*!40000 ALTER TABLE `countries` ENABLE KEYS */;
UNLOCK TABLES;

--
-- Table structure for table `departamento`
--

DROP TABLE IF EXISTS `departamento`;
/*!40101 SET @saved_cs_client     = @@character_set_client */;
/*!40101 SET character_set_client = utf8 */;
CREATE TABLE `departamento` (
  `id_departamento` int(11) NOT NULL AUTO_INCREMENT,
  `nome` varchar(255) DEFAULT NULL,
  `sigla` varchar(20) DEFAULT NULL,
  `fk_unidade` int(11) DEFAULT NULL,
  PRIMARY KEY (`id_departamento`),
  KEY `FKB3FD2C04EA756684` (`fk_unidade`),
  CONSTRAINT `FKB3FD2C04EA756684` FOREIGN KEY (`fk_unidade`) REFERENCES `unidade` (`id_unidade`)
) ENGINE=InnoDB DEFAULT CHARSET=latin1;
/*!40101 SET character_set_client = @saved_cs_client */;

--
-- Dumping data for table `departamento`
--

LOCK TABLES `departamento` WRITE;
/*!40000 ALTER TABLE `departamento` DISABLE KEYS */;
/*!40000 ALTER TABLE `departamento` ENABLE KEYS */;
UNLOCK TABLES;

--
-- Table structure for table `despesa`
--

DROP TABLE IF EXISTS `despesa`;
/*!40101 SET @saved_cs_client     = @@character_set_client */;
/*!40101 SET character_set_client = utf8 */;
CREATE TABLE `despesa` (
  `id_despesa` int(11) NOT NULL AUTO_INCREMENT,
  `data_fim_periodo` date DEFAULT NULL,
  `data_inicio_periodo` date DEFAULT NULL,
  `data_liberacao_pagamento` date DEFAULT NULL,
  `data_realizada` date DEFAULT NULL,
  `descricao` longtext,
  `favorecido_cpf` longtext,
  `favorecido_nome` longtext,
  `genero` int(11) NOT NULL,
  `numero_diarias` int(11) DEFAULT NULL,
  `observacao` longtext,
  `status` varchar(20) NOT NULL,
  `tipo_despesa` varchar(255) NOT NULL,
  `valor` decimal(12,2) NOT NULL,
  `fk_alinea` int(11) NOT NULL,
  `fk_bolsa_alocada` int(11) DEFAULT NULL,
  `fk_fornecedor` int(11) DEFAULT NULL,
  `fk_prestacao_contas` int(11) DEFAULT NULL,
  `subalinea` varchar(100) DEFAULT NULL,
  `fk_subcentro` int(11) NOT NULL,
  `fk_pessoa` int(11) DEFAULT NULL,
  `verba_liberada` tinyint(1) NOT NULL DEFAULT '0',
  PRIMARY KEY (`id_despesa`),
  KEY `FK5CD19E1561EAAD63` (`fk_prestacao_contas`),
  KEY `FK5CD19E1554C020C2` (`fk_fornecedor`),
  KEY `FK5CD19E15F873FCD0` (`fk_alinea`),
  KEY `FK5CD19E15F9620543` (`fk_bolsa_alocada`),
  KEY `FK5CD19E158A574310` (`fk_subcentro`),
  KEY `FK5CD19E157C78A046` (`fk_pessoa`),
  CONSTRAINT `FK5CD19E1554C020C2` FOREIGN KEY (`fk_fornecedor`) REFERENCES `fornecedor` (`id_fornecedor`),
  CONSTRAINT `FK5CD19E1561EAAD63` FOREIGN KEY (`fk_prestacao_contas`) REFERENCES `prestacao_contas` (`id_prestacao_contas`),
  CONSTRAINT `FK5CD19E157C78A046` FOREIGN KEY (`fk_pessoa`) REFERENCES `pessoa` (`id_pessoa`),
  CONSTRAINT `FK5CD19E158A574310` FOREIGN KEY (`fk_subcentro`) REFERENCES `subcentrodespesas_alinea` (`id_subcentrodespesas`),
  CONSTRAINT `FK5CD19E15F873FCD0` FOREIGN KEY (`fk_alinea`) REFERENCES `alinea` (`id_alinea`),
  CONSTRAINT `FK5CD19E15F9620543` FOREIGN KEY (`fk_bolsa_alocada`) REFERENCES `bolsa_alocada` (`id_bolsa_alocada`)
) ENGINE=InnoDB DEFAULT CHARSET=latin1;
/*!40101 SET character_set_client = @saved_cs_client */;

--
-- Dumping data for table `despesa`
--

LOCK TABLES `despesa` WRITE;
/*!40000 ALTER TABLE `despesa` DISABLE KEYS */;
/*!40000 ALTER TABLE `despesa` ENABLE KEYS */;
UNLOCK TABLES;

--
-- Table structure for table `documento_comprovacao_despesa`
--

DROP TABLE IF EXISTS `documento_comprovacao_despesa`;
/*!40101 SET @saved_cs_client     = @@character_set_client */;
/*!40101 SET character_set_client = utf8 */;
CREATE TABLE `documento_comprovacao_despesa` (
  `id_documento_comprovacao_despesa` int(11) NOT NULL AUTO_INCREMENT,
  `data_emissao` date NOT NULL,
  `numero` varchar(100) NOT NULL,
  `observacao` longtext,
  `valor` decimal(12,2) NOT NULL,
  `fk_despesa` int(11) NOT NULL,
  PRIMARY KEY (`id_documento_comprovacao_despesa`),
  KEY `FK782BB80574D121D2` (`fk_despesa`),
  CONSTRAINT `FK782BB80574D121D2` FOREIGN KEY (`fk_despesa`) REFERENCES `despesa` (`id_despesa`)
) ENGINE=InnoDB DEFAULT CHARSET=latin1;
/*!40101 SET character_set_client = @saved_cs_client */;

--
-- Dumping data for table `documento_comprovacao_despesa`
--

LOCK TABLES `documento_comprovacao_despesa` WRITE;
/*!40000 ALTER TABLE `documento_comprovacao_despesa` DISABLE KEYS */;
/*!40000 ALTER TABLE `documento_comprovacao_despesa` ENABLE KEYS */;
UNLOCK TABLES;

--
-- Table structure for table `documento_comprovacao_pagamento`
--

DROP TABLE IF EXISTS `documento_comprovacao_pagamento`;
/*!40101 SET @saved_cs_client     = @@character_set_client */;
/*!40101 SET character_set_client = utf8 */;
CREATE TABLE `documento_comprovacao_pagamento` (
  `id_documento_comprovacao_pagamento` int(11) NOT NULL AUTO_INCREMENT,
  `data_emissao` date NOT NULL,
  `numero` varchar(100) NOT NULL,
  `observacao` longtext,
  `valor` decimal(12,2) NOT NULL,
  `fk_despesa` int(11) NOT NULL,
  PRIMARY KEY (`id_documento_comprovacao_pagamento`),
  KEY `FKDBD5711674D121D2` (`fk_despesa`),
  CONSTRAINT `FKDBD5711674D121D2` FOREIGN KEY (`fk_despesa`) REFERENCES `despesa` (`id_despesa`)
) ENGINE=InnoDB DEFAULT CHARSET=latin1;
/*!40101 SET character_set_client = @saved_cs_client */;

--
-- Dumping data for table `documento_comprovacao_pagamento`
--

LOCK TABLES `documento_comprovacao_pagamento` WRITE;
/*!40000 ALTER TABLE `documento_comprovacao_pagamento` DISABLE KEYS */;
/*!40000 ALTER TABLE `documento_comprovacao_pagamento` ENABLE KEYS */;
UNLOCK TABLES;

--
-- Table structure for table `endereco`
--

DROP TABLE IF EXISTS `endereco`;
/*!40101 SET @saved_cs_client     = @@character_set_client */;
/*!40101 SET character_set_client = utf8 */;
CREATE TABLE `endereco` (
  `id_endereco` int(11) NOT NULL AUTO_INCREMENT,
  `bairro` varchar(100) NOT NULL,
  `cep` varchar(20) NOT NULL,
  `complemento` varchar(200) DEFAULT NULL,
  `numero` int(11) NOT NULL,
  `rua` varchar(200) NOT NULL,
  `fk_cities` int(11) NOT NULL,
  PRIMARY KEY (`id_endereco`),
  KEY `FK672D67C95DBE3A92` (`fk_cities`),
  CONSTRAINT `FK672D67C95DBE3A92` FOREIGN KEY (`fk_cities`) REFERENCES `cities` (`id_city`)
) ENGINE=InnoDB DEFAULT CHARSET=latin1;
/*!40101 SET character_set_client = @saved_cs_client */;

--
-- Dumping data for table `endereco`
--

LOCK TABLES `endereco` WRITE;
/*!40000 ALTER TABLE `endereco` DISABLE KEYS */;
/*!40000 ALTER TABLE `endereco` ENABLE KEYS */;
UNLOCK TABLES;

--
-- Table structure for table `financiador`
--

DROP TABLE IF EXISTS `financiador`;
/*!40101 SET @saved_cs_client     = @@character_set_client */;
/*!40101 SET character_set_client = utf8 */;
CREATE TABLE `financiador` (
  `id_financiador` int(11) NOT NULL AUTO_INCREMENT,
  `cnpj` varchar(20) NOT NULL,
  `email` varchar(50) NOT NULL,
  `nome` varchar(200) NOT NULL,
  `sigla` varchar(20) NOT NULL,
  `fk_modelorelatorio` int(11) DEFAULT NULL,
  PRIMARY KEY (`id_financiador`),
  KEY `FKCACE24A3254BFC` (`fk_modelorelatorio`),
  CONSTRAINT `FKCACE24A3254BFC` FOREIGN KEY (`fk_modelorelatorio`) REFERENCES `modelorelatorio` (`id_modelorelatorio`)
) ENGINE=InnoDB AUTO_INCREMENT=340 DEFAULT CHARSET=latin1;
/*!40101 SET character_set_client = @saved_cs_client */;

--
-- Dumping data for table `financiador`
--

LOCK TABLES `financiador` WRITE;
/*!40000 ALTER TABLE `financiador` DISABLE KEYS */;
INSERT INTO `financiador` VALUES (36,'62','','Empresa Brasileira de Pesquisa Agropecuária','EMBRAPA',NULL),(67,'05.666.943/0001-71','juridico@fapeam.am.gov.br','Fundação de Amparo à Pesquisa do Estado do Amazonas ','FAPEAM',NULL),(72,'43.828.151/0001-45','info@trieste.fapesp.br','Fundação de Amparo à Pesquisa do Estado de São Paulo','FAPESP',NULL),(73,'33.654.831/0001-36','atendimento@cnpq.br','Conselho Nacional de Desenvolvimento Científico e Tecnológic','CNPq',NULL),(74,'00.889.834/0001-08','site - www.capes.gov.br','Coordenação de Aperfeiçoamento de Pessoal de Nível Superior','CAPES',NULL),(78,'00000000000000000','','Comunidade Européia / Ingegneria Infomatica - S.P.A.','C.Europeia',NULL),(79,'63025530000104','','Universidade de São Paulo','USP',NULL),(81,'03.447568/0001-43','','Associação Instituto Nacional de Matemática Pura e Aplicada','IMPA',NULL),(89,'33.749.086/0001-09','','FINEP - financiadora de estudos e projetos','FINEP',NULL),(92,'90.400.888/0001-42','','Banco Santander Brasil S/A','Santander',NULL),(100,'68314830/0001-27','fusp@fusp.org.br','Fundação de Apoio à Universidade de São Paulo','FUSP',NULL),(128,'55.064.562/0001-90','','Maquinas Agricolas Jacto','MAJ',NULL),(140,'30.495.394/0001-67','','Fundação Carlos Chagas Filho de Amparo à Pesquisa do Estado do Rio de Janeiro','FAPERJ',NULL),(338,'92.959.006/0008-85','EMAIL IMPORTADO DA INTRANET','Universidade do Vale do Rio dos Sinos','UNISINOS',1),(339,'00.280.273/0002-18','EMAIL IMPORTADO DA INTRANET','Samsung Eletrônica da Amazonia','SAMSUNG',1);
/*!40000 ALTER TABLE `financiador` ENABLE KEYS */;
UNLOCK TABLES;

--
-- Table structure for table `fornecedor`
--

DROP TABLE IF EXISTS `fornecedor`;
/*!40101 SET @saved_cs_client     = @@character_set_client */;
/*!40101 SET character_set_client = utf8 */;
CREATE TABLE `fornecedor` (
  `id_fornecedor` int(11) NOT NULL AUTO_INCREMENT,
  `cnpj` varchar(30) NOT NULL,
  `email` varchar(50) NOT NULL,
  `fax` varchar(50) NOT NULL,
  `fone` varchar(50) NOT NULL,
  `ie` varchar(30) NOT NULL,
  `nome_fantasia` varchar(100) NOT NULL,
  `razao_social` varchar(100) NOT NULL,
  `status` varchar(50) NOT NULL,
  `website` varchar(100) NOT NULL,
  `fk_endereco` int(11) DEFAULT NULL,
  PRIMARY KEY (`id_fornecedor`),
  KEY `FK4E1EA1654B47E58A` (`fk_endereco`),
  CONSTRAINT `FK4E1EA1654B47E58A` FOREIGN KEY (`fk_endereco`) REFERENCES `endereco` (`id_endereco`)
) ENGINE=InnoDB DEFAULT CHARSET=latin1;
/*!40101 SET character_set_client = @saved_cs_client */;

--
-- Dumping data for table `fornecedor`
--

LOCK TABLES `fornecedor` WRITE;
/*!40000 ALTER TABLE `fornecedor` DISABLE KEYS */;
/*!40000 ALTER TABLE `fornecedor` ENABLE KEYS */;
UNLOCK TABLES;

--
-- Table structure for table `grupo_fornecimento`
--

DROP TABLE IF EXISTS `grupo_fornecimento`;
/*!40101 SET @saved_cs_client     = @@character_set_client */;
/*!40101 SET character_set_client = utf8 */;
CREATE TABLE `grupo_fornecimento` (
  `id_grupo_fornecimento` int(11) NOT NULL AUTO_INCREMENT,
  `descricao` longtext NOT NULL,
  `nome` varchar(100) NOT NULL,
  PRIMARY KEY (`id_grupo_fornecimento`)
) ENGINE=InnoDB DEFAULT CHARSET=latin1;
/*!40101 SET character_set_client = @saved_cs_client */;

--
-- Dumping data for table `grupo_fornecimento`
--

LOCK TABLES `grupo_fornecimento` WRITE;
/*!40000 ALTER TABLE `grupo_fornecimento` DISABLE KEYS */;
/*!40000 ALTER TABLE `grupo_fornecimento` ENABLE KEYS */;
UNLOCK TABLES;

--
-- Table structure for table `historicoauxilio`
--

DROP TABLE IF EXISTS `historicoauxilio`;
/*!40101 SET @saved_cs_client     = @@character_set_client */;
/*!40101 SET character_set_client = utf8 */;
CREATE TABLE `historicoauxilio` (
  `id_historicoauxilio` int(11) NOT NULL AUTO_INCREMENT,
  `data_alteracao` date DEFAULT NULL,
  `descricao` varchar(255) NOT NULL,
  `fk_auxilio` int(11) NOT NULL,
  `fk_responsavel` int(11) DEFAULT NULL,
  `acao` varchar(50) NOT NULL,
  `nomeAlinea` varchar(250) NOT NULL,
  `nome_centro_despesas` varchar(250) DEFAULT NULL,
  `operacao` int(11) DEFAULT NULL,
  `valor` decimal(12,2) NOT NULL,
  `editado` tinyint(1) NOT NULL DEFAULT '0',
  `fk_historico_editado` int(11) DEFAULT NULL,
  PRIMARY KEY (`id_historicoauxilio`),
  KEY `FK1908285D8FEEF1AB` (`fk_responsavel`),
  KEY `FK1908285DE7C6B642` (`fk_auxilio`),
  KEY `FK1908285D367C1814` (`fk_historico_editado`),
  CONSTRAINT `FK1908285D367C1814` FOREIGN KEY (`fk_historico_editado`) REFERENCES `historicoauxilio` (`id_historicoauxilio`),
  CONSTRAINT `FK1908285D8FEEF1AB` FOREIGN KEY (`fk_responsavel`) REFERENCES `pessoa` (`id_pessoa`),
  CONSTRAINT `FK1908285DE7C6B642` FOREIGN KEY (`fk_auxilio`) REFERENCES `auxilio` (`id_auxilio`)
) ENGINE=InnoDB DEFAULT CHARSET=latin1;
/*!40101 SET character_set_client = @saved_cs_client */;

--
-- Dumping data for table `historicoauxilio`
--

LOCK TABLES `historicoauxilio` WRITE;
/*!40000 ALTER TABLE `historicoauxilio` DISABLE KEYS */;
/*!40000 ALTER TABLE `historicoauxilio` ENABLE KEYS */;
UNLOCK TABLES;

--
-- Table structure for table `iniciativa_privada`
--

DROP TABLE IF EXISTS `iniciativa_privada`;
/*!40101 SET @saved_cs_client     = @@character_set_client */;
/*!40101 SET character_set_client = utf8 */;
CREATE TABLE `iniciativa_privada` (
  `id_financiador` int(11) NOT NULL,
  PRIMARY KEY (`id_financiador`),
  KEY `FK6103A207922325C6` (`id_financiador`),
  CONSTRAINT `FK6103A207922325C6` FOREIGN KEY (`id_financiador`) REFERENCES `financiador` (`id_financiador`)
) ENGINE=InnoDB DEFAULT CHARSET=latin1;
/*!40101 SET character_set_client = @saved_cs_client */;

--
-- Dumping data for table `iniciativa_privada`
--

LOCK TABLES `iniciativa_privada` WRITE;
/*!40000 ALTER TABLE `iniciativa_privada` DISABLE KEYS */;
/*!40000 ALTER TABLE `iniciativa_privada` ENABLE KEYS */;
UNLOCK TABLES;

--
-- Table structure for table `inscricao_atividade`
--

DROP TABLE IF EXISTS `inscricao_atividade`;
/*!40101 SET @saved_cs_client     = @@character_set_client */;
/*!40101 SET character_set_client = utf8 */;
CREATE TABLE `inscricao_atividade` (
  `fk_pessoa` int(11) NOT NULL,
  `fk_atividade` int(11) NOT NULL,
  KEY `FK1012926DDD64A0B6` (`fk_atividade`),
  KEY `FK1012926D7C78A046` (`fk_pessoa`),
  CONSTRAINT `FK1012926D7C78A046` FOREIGN KEY (`fk_pessoa`) REFERENCES `pessoa` (`id_pessoa`),
  CONSTRAINT `FK1012926DDD64A0B6` FOREIGN KEY (`fk_atividade`) REFERENCES `atividade` (`id_atividade`)
) ENGINE=InnoDB DEFAULT CHARSET=latin1;
/*!40101 SET character_set_client = @saved_cs_client */;

--
-- Dumping data for table `inscricao_atividade`
--

LOCK TABLES `inscricao_atividade` WRITE;
/*!40000 ALTER TABLE `inscricao_atividade` DISABLE KEYS */;
/*!40000 ALTER TABLE `inscricao_atividade` ENABLE KEYS */;
UNLOCK TABLES;

--
-- Table structure for table `instituicao`
--

DROP TABLE IF EXISTS `instituicao`;
/*!40101 SET @saved_cs_client     = @@character_set_client */;
/*!40101 SET character_set_client = utf8 */;
CREATE TABLE `instituicao` (
  `id_instituicao` int(11) NOT NULL AUTO_INCREMENT,
  `nome` varchar(200) NOT NULL,
  `sigla` varchar(30) NOT NULL,
  `fk_endereco` int(11) DEFAULT NULL,
  PRIMARY KEY (`id_instituicao`),
  KEY `FK35248D6C4B47E58A` (`fk_endereco`),
  CONSTRAINT `FK35248D6C4B47E58A` FOREIGN KEY (`fk_endereco`) REFERENCES `endereco` (`id_endereco`)
) ENGINE=InnoDB AUTO_INCREMENT=4 DEFAULT CHARSET=latin1;
/*!40101 SET character_set_client = @saved_cs_client */;

--
-- Dumping data for table `instituicao`
--

LOCK TABLES `instituicao` WRITE;
/*!40000 ALTER TABLE `instituicao` DISABLE KEYS */;
INSERT INTO `instituicao` VALUES (1,'Universidade de São Paulo','USP',NULL),(2,'Universidade Estadual Paulista','UNESP',NULL),(3,'Unicamp','unicamp',NULL);
/*!40000 ALTER TABLE `instituicao` ENABLE KEYS */;
UNLOCK TABLES;

--
-- Table structure for table `instituicao_bancaria`
--

DROP TABLE IF EXISTS `instituicao_bancaria`;
/*!40101 SET @saved_cs_client     = @@character_set_client */;
/*!40101 SET character_set_client = utf8 */;
CREATE TABLE `instituicao_bancaria` (
  `id_instituicao_bancaria` int(11) NOT NULL AUTO_INCREMENT,
  `codigo` varchar(10) NOT NULL,
  `nome` varchar(100) NOT NULL,
  `nome_fantasia` varchar(100) DEFAULT NULL,
  `website` varchar(100) NOT NULL,
  PRIMARY KEY (`id_instituicao_bancaria`)
) ENGINE=InnoDB AUTO_INCREMENT=127 DEFAULT CHARSET=latin1;
/*!40101 SET character_set_client = @saved_cs_client */;

--
-- Dumping data for table `instituicao_bancaria`
--

LOCK TABLES `instituicao_bancaria` WRITE;
/*!40000 ALTER TABLE `instituicao_bancaria` DISABLE KEYS */;
INSERT INTO `instituicao_bancaria` VALUES (3,'246','Banco ABC Brasil S.A.','','www.abcbrasil.com.br'),(4,'25','Banco Alfa S.A.','','www.bancoalfa.com.br'),(5,'641','Banco Alvorada S.A.','',''),(6,'29','Banco Banerj S.A.','','www.banerj.com.br'),(7,'0','Banco Bankpar S.A.','','www.aexp.com'),(8,'740','Banco Barclays S.A.','','www.barclays.com'),(9,'107','Banco BBM S.A.','','www.bbmbank.com.br'),(10,'31','Banco Beg S.A.','','www.itau.com.br'),(11,'739','Banco BGN S.A.','','www.bgn.com.br'),(12,'96','Banco BM&F de Servi‡os de Liquida‡ão e Custódia S.A','','www.bmf.com.br'),(13,'318','Banco BMG S.A.','','www.bancobmg.com.br'),(14,'752','Banco BNP Paribas Brasil S.A.','','www.bnpparibas.com.br'),(15,'248','Banco Boavista Interatlântico S.A.','',''),(16,'218','Banco Bonsucesso S.A.','','www.bancobonsucesso.com.br'),(17,'36','Banco Bradesco BBI S.A.','',''),(18,'204','Banco Bradesco Cartäes S.A.','','www.iamex.com.br'),(19,'237','Banco Bradesco S.A.','','www.bradesco.com.br'),(20,'225','Banco Brascan S.A.','','www.bancobrascan.com.br'),(21,'208','Banco BTG Pactual S.A.','','www.pactual.com.br'),(22,'44','Banco BVA S.A.','','www.bancobva.com.br'),(23,'263','Banco Cacique S.A.','','www.bancocacique.com.br'),(24,'473','Banco Caixa Geral - Brasil S.A.','',''),(25,'222','Banco Calyon Brasil S.A.','','www.calyon.com.br'),(26,'40','Banco Cargill S.A.','','www.bancocargill.com.br'),(27,'745','Banco Citibank S.A.','','www.citibank.com.br'),(28,'M08','Banco Citicard S.A.','','www.credicardbanco.com.br'),(29,'M19','Banco CNH Capital S.A.','','www.bancocnh.com.br'),(30,'215','Banco Comercial e de Investimento Sudameris S.A.','','www.sudameris.com.br'),(31,'756','Banco Cooperativo do Brasil S.A. - BANCOOB','','www.bancoob.com.br'),(32,'748','Banco Cooperativo Sicredi S.A.','','www.sicredi.com.br'),(33,'505','Banco Credit Suisse (Brasil) S.A.','','www.csfb.com'),(34,'229','Banco Cruzeiro do Sul S.A.','','www.bcsul.com.br'),(35,'','Banco CSF S.A.','',''),(36,'3','Banco da Amazônia S.A.','','www.bancoamazonia.com.br'),(37,'083-3','Banco da China Brasil S.A.','',''),(38,'707','Banco Daycoval S.A.','','www.daycoval.com.br'),(39,'M06','Banco de Lage Landen Brasil S.A.','','www.delagelanden.com'),(40,'24','Banco de Pernambuco S.A. - BANDEPE','','www.bandepe.com.br'),(41,'456','Banco de Tokyo-Mitsubishi UFJ Brasil S.A.','','www.btm.com.br'),(42,'214','Banco Dibens S.A.','','www.bancodibens.com.br'),(43,'1','Banco do Brasil S.A.','','www.bb.com.br'),(44,'47','Banco do Estado de Sergipe S.A.','','www.banese.com.br'),(45,'37','Banco do Estado do Par  S.A.','','www.banparanet.com.br'),(46,'41','Banco do Estado do Rio Grande do Sul S.A.','','www.banrisul.com.br'),(47,'4','Banco do Nordeste do Brasil S.A.','','www.banconordeste.gov.br'),(48,'265','Banco Fator S.A.','','www.bancofator.com.br'),(49,'M03','Banco Fiat S.A.','','www.bancofiat.com.br'),(50,'224','Banco Fibra S.A.','','www.bancofibra.com.br'),(51,'626','Banco Ficsa S.A.','','www.ficsa.com.br'),(52,'','Banco Fidis S.A.','',''),(53,'394','Banco Finasa BMC S.A.','','www.bmc.com.br'),(54,'M18','Banco Ford S.A.','','www.bancoford.com.br'),(55,'233','Banco GE Capital S.A.','','www.ge.com.br'),(56,'M07','Banco GMAC S.A.','','www.bancogm.com.br'),(57,'612','Banco Guanabara S.A.','','www.bcoguan.com.br'),(58,'M22','Banco Honda S.A.','','www.bancohonda.com.br'),(59,'63','Banco Ibi S.A. Banco Múltiplo','','www.ibi.com.br'),(60,'M11','Banco IBM S.A.','','www.ibm.com/br/financing/'),(61,'604','Banco Industrial do Brasil S.A.','','www.bancoindustrial.com.br'),(62,'320','Banco Industrial e Comercial S.A.','','www.bicbanco.com.br'),(63,'653','Banco Indusval S.A.','','www.indusval.com.br'),(64,'630','Banco Intercap S.A.','','www.intercap.com.br'),(65,'249','Banco Investcred Unibanco S.A.','',''),(66,'184','Banco Itaú BBA S.A.','','www.itaubba.com.br'),(67,'479','Banco ItaúBank S.A','','www.itaubank.com.br'),(68,'','Banco Itaucard S.A.','',''),(69,'M09','Banco Itaucred Financiamentos S.A.','','www.itaucred.com.br'),(70,'376','Banco J. P. Morgan S.A.','','www.jpmorgan.com'),(71,'74','Banco J. Safra S.A.','','www.jsafra.com.br'),(72,'217','Banco John Deere S.A.','','www.johndeere.com.br'),(73,'65','Banco Lemon S.A.','','www.lemon.com'),(74,'600','Banco Luso Brasileiro S.A.','','www.lusobrasileiro.com.br'),(75,'389','Banco Mercantil do Brasil S.A.','','www.mercantil.com.br'),(76,'755','Banco Merrill Lynch de Investimentos S.A.','','www.ml.com'),(77,'746','Banco Modal S.A.','','www.bancomodal.com.br'),(78,'45','Banco Opportunity S.A.','','www.opportunity.com.br'),(79,'623','Banco Panamericano S.A.','','www.panamericano.com.br'),(80,'611','Banco Paulista S.A.','','www.bancopaulista.com.br'),(81,'643','Banco Pine S.A.','','www.bancopine.com.br'),(82,'','Banco Porto Real de Investimentos S.A.','',''),(83,'638','Banco Prosper S.A.','','www.bancoprosper.com.br'),(84,'747','Banco Rabobank International Brasil S.A.','','www.rabobank.com.br'),(85,'633','Banco Rendimento S.A.','','www.rendimento.com.br'),(86,'M16','Banco Rodobens S.A.','','www.rodobens.com.br'),(87,'72','Banco Rural Mais S.A.','','www.rural.com.br'),(88,'453','Banco Rural S.A.','','www.rural.com.br'),(89,'422','Banco Safra S.A.','','www.safra.com.br'),(90,'33','Banco Santander (Brasil) S.A.','','www.santander.com.br'),(91,'250','Banco Schahin S.A.','','www.bancoschahin.com.br'),(92,'749','Banco Simples S.A.','','www.bancosimples.com.br'),(93,'366','Banco Soci‚t‚ G‚n‚rale Brasil S.A.','','www.sgbrasil.com.br'),(94,'637','Banco Sofisa S.A.','','www.sofisa.com.br'),(95,'12','Banco Standard de Investimentos S.A.','','www.standardbank.com'),(96,'464','Banco Sumitomo Mitsui Brasileiro S.A.','',''),(97,'082-5','Banco Top zio S.A.','',''),(98,'M20','Banco Toyota do Brasil S.A.','','www.bancotoyota.com.br'),(99,'634','Banco Triângulo S.A.','','www.tribanco.com.br'),(100,'M14','Banco Volkswagen S.A.','','www.bancovw.com.br'),(101,'M23','Banco Volvo (Brasil) S.A.','',''),(102,'655','Banco Votorantim S.A.','','www.bancovotorantim.com.br'),(103,'610','Banco VR S.A.','','www.vr.com.br'),(104,'370','Banco WestLB do Brasil S.A.','','www.westlb.com.br'),(105,'','Banco Yamaha Motor S.A.','','www.yamaha-motor.com.br'),(106,'21','BANESTES S.A. Banco do Estado do Esp¡rito Santo','','www.banestes.com.br'),(107,'719','Banif-Banco Internacional do Funchal (Brasil)S.A.','','www.banif.com.br'),(108,'73','BB Banco Popular do Brasil S.A.','','www.bancopopulardobrasil.com.br'),(109,'78','BES Investimento do Brasil S.A.-Banco de Investimento','','www.besinvestimento.com.br'),(110,'69','BPN Brasil Banco Múltiplo S.A.','','www.bpnbrasil.com.br'),(111,'70','BRB - Banco de Bras¡lia S.A.','','www.brb.com.br'),(112,'104','Caixa Econômica Federal','','www.caixa.gov.br'),(113,'477','Citibank N.A.','','www.citibank.com/brasil'),(114,'081-7','Concórdia Banco S.A.','',''),(115,'487','Deutsche Bank S.A. - Banco Alemão','','www.deutsche-bank.com.br'),(116,'751','Dresdner Bank Brasil S.A. - Banco Múltiplo','','www.dkib.com.br'),(117,'62','Hipercard Banco Múltiplo S.A.','','www.hipercard.com.br'),(118,'399','HSBC Bank Brasil S.A. - Banco Múltiplo','','www.hsbc.com.br'),(119,'492','ING Bank N.V.','','www.ing.com'),(120,'652','Itaú Unibanco Holding S.A.','','www.itau.com.br'),(121,'341','Itaú Unibanco S.A.','','www.itau.com.br'),(122,'488','JPMorgan Chase Bank','','www.jpmorganchase.com'),(123,'','Standard Chartered Bank (Brasil) S/A?Bco Invest.','','www.standardchartered.com'),(124,'409','UNIBANCO - União de Bancos Brasileiros S.A.','','www.unibanco.com.br'),(125,'230','Unicard Banco Múltiplo S.A.','','www.unicard.com.br'),(126,'123','123','','123');
/*!40000 ALTER TABLE `instituicao_bancaria` ENABLE KEYS */;
UNLOCK TABLES;

--
-- Table structure for table `item`
--

DROP TABLE IF EXISTS `item`;
/*!40101 SET @saved_cs_client     = @@character_set_client */;
/*!40101 SET character_set_client = utf8 */;
CREATE TABLE `item` (
  `id_item` int(11) NOT NULL AUTO_INCREMENT,
  `observacao` varchar(100) NOT NULL,
  `quantidade` decimal(12,2) NOT NULL,
  `status` varchar(20) NOT NULL,
  `unidade` varchar(10) NOT NULL,
  `fk_cotacao` int(11) NOT NULL,
  `fk_despesa` int(11) DEFAULT NULL,
  `fk_produto` int(11) NOT NULL,
  PRIMARY KEY (`id_item`),
  KEY `FK317B13893E719A` (`fk_produto`),
  KEY `FK317B1374D121D2` (`fk_despesa`),
  KEY `FK317B133D50B6D8` (`fk_cotacao`),
  CONSTRAINT `FK317B133D50B6D8` FOREIGN KEY (`fk_cotacao`) REFERENCES `cotacao` (`id_cotacao`),
  CONSTRAINT `FK317B1374D121D2` FOREIGN KEY (`fk_despesa`) REFERENCES `despesa` (`id_despesa`),
  CONSTRAINT `FK317B13893E719A` FOREIGN KEY (`fk_produto`) REFERENCES `produto` (`id_produto`)
) ENGINE=InnoDB DEFAULT CHARSET=latin1;
/*!40101 SET character_set_client = @saved_cs_client */;

--
-- Dumping data for table `item`
--

LOCK TABLES `item` WRITE;
/*!40000 ALTER TABLE `item` DISABLE KEYS */;
/*!40000 ALTER TABLE `item` ENABLE KEYS */;
UNLOCK TABLES;

--
-- Table structure for table `modalidade`
--

DROP TABLE IF EXISTS `modalidade`;
/*!40101 SET @saved_cs_client     = @@character_set_client */;
/*!40101 SET character_set_client = utf8 */;
CREATE TABLE `modalidade` (
  `id_modalidade` int(11) NOT NULL AUTO_INCREMENT,
  `nome` varchar(100) NOT NULL,
  `sigla` varchar(20) DEFAULT NULL,
  `fk_tipo_auxilio` int(11) NOT NULL,
  `permiteDespesaAntesVigencia` tinyint(1) NOT NULL DEFAULT '0',
  `permiteDespesaAposVigencia` tinyint(1) NOT NULL DEFAULT '0',
  PRIMARY KEY (`id_modalidade`),
  KEY `FKAA653B1A7CE7F617` (`fk_tipo_auxilio`),
  CONSTRAINT `FKAA653B1A7CE7F617` FOREIGN KEY (`fk_tipo_auxilio`) REFERENCES `tipo_auxilio` (`id_tipo_auxilio`)
) ENGINE=InnoDB AUTO_INCREMENT=652 DEFAULT CHARSET=latin1;
/*!40101 SET character_set_client = @saved_cs_client */;

--
-- Dumping data for table `modalidade`
--

LOCK TABLES `modalidade` WRITE;
/*!40000 ALTER TABLE `modalidade` DISABLE KEYS */;
INSERT INTO `modalidade` VALUES (57,'N/D','',116,0,0),(63,'N/D','',122,0,0),(64,'N/D','',123,0,0),(66,'N/D','',125,0,0),(74,'N/D','',133,0,0),(77,'N/D','',136,0,0),(85,'N/D','',144,0,0),(96,'Iniciação Científica  ','IC',152,0,0),(110,'N/D','N/D',36,0,0),(141,'N/D','N/D',67,0,0),(169,'N/D','N/D',178,0,0),(177,'Auxílio Professor/Pesquisador Visitante','APV',186,1,0),(194,'Auxílio Organização de Eventos','AOR',186,1,0),(195,'Auxílio Participação em Reunião ','ARC',186,1,0),(196,'Projeto Temático','PT',186,0,0),(197,'Auxilio Pesquisa ','AP',186,0,0),(200,'Auxílio Pesquisa','AP',117,0,0),(202,'Bolsa Produtividade em Pesquisa','PQ',117,0,0),(203,'Bolsa de Pesquisa no Exterior ','BPE',117,0,0),(205,'Auxílio Participação em Reunião','ARC',117,0,0),(206,'Auxílio Professor/ Pesquisador Visitante ','APV',117,0,0),(207,'Auxílio Organização de Eventos','AOR',117,0,0),(219,'Programa de Excelência Acadêmica','PROEX - PROAP',118,0,0),(220,'Mestrado','MS',152,0,0),(221,'Doutorado','DR',152,0,0),(266,'N/D','N/D',224,0,0),(267,'N/D','N/D',224,0,0),(298,'Ensinar Com Pesquisa','EP',249,0,0),(299,'Iniciação Científica','IC',249,0,0),(300,'Inovação Tecnológica','IT',249,0,0),(301,'Doutorado Direto','DD',152,0,0),(302,'Mestrado - BEPE',' MS - BEPE',152,0,0),(303,'Iniciação Científica - BEPE','IC - BEPE',152,0,0),(304,'Doutorado - BEPE','DR - BEPE',152,0,0),(305,'Pós-Doutorado','PD',152,0,0),(306,'Pós-Doutorado - BEPE','PD - BEPE',152,0,0),(307,'Doutorado Direto  - BEPE','DD - BEPE',152,0,0),(308,'Treinamento Técnico 1','TT 1',152,0,0),(309,'Treinamento Técnico 2','TT 2',152,0,0),(310,'Treinamento Técnico 3 ','TT 3',152,0,0),(311,'Treinamento Técnico 4','TT 4',152,0,0),(312,'Treinamento Técnico 4A','TT 4A',152,0,0),(313,'Treinamento Técnico 5','TT 5',152,0,0),(314,'Bolsa de Pesquisa no Exterior','BPE',152,0,0),(315,'Mestrado - Cota Curso','GM',252,0,0),(316,'Doutorado - Cota Curso','GD',252,0,0),(317,'Iniciação Científica - Cota Institucional','PIBIC',252,0,0),(318,'Inovação Tecnológica - Cota Institucional','PIBIT',252,0,0),(319,'Apoio Técnico - Cota Pesquisador','AT ',252,0,0),(320,'Iniciação Científica - Cota Pesquisador','IC',252,0,0),(321,'Doutorado Sanduiche no País','SWP',252,0,0),(322,'Mestrado - Cota Pesquisador','MS',252,0,0),(323,'Doutorado - Cota Pesquisador','DR',252,0,0),(324,'Iniciação Científica - Cota Pesquisador','IC',252,0,0),(325,'Doutorado Pleno - Exterior','GDE',252,0,0),(326,'Pós-Doutorado - Exterior','PDE',252,0,0),(327,'Doutorado Sandwich - Exterior','SWE',252,0,0),(328,'Estágio Sênior - Exterior','ESN',252,0,0),(329,'Graduação Sanduíche - Exterior','SWG',252,0,0),(330,'Doutorado - Cota do Curso','DR',224,0,0),(331,'Mestrado - Cota do Curso','MS',224,0,0),(332,'Doutorado Pleno - Exterior','DR Ext',224,0,0),(333,'Doutorado Sanduiche no Exterior ','PDSE',224,0,0),(334,'Doutorado','PEC PG',224,0,0),(335,'Mestrado','PIC ME',224,0,0),(338,'N/D','N/D',250,0,0),(339,'N/D','N/D',251,0,0),(443,'Iniciação Científica (IC)','IC',315,0,0),(444,'Mestrado (MSC)','MSC',315,0,0),(445,'Tecnológica (IT)','IT',315,0,0),(446,'Doutorado (DSC)','DSC',315,0,0),(447,'Mestrado (MSC-10) Nota 10','MSC-10',315,0,0),(448,'Doutorado Nota 10 (DSC-10) ','DSC-10',315,0,0),(566,'Bolsa de Pesquisa no Exterior','BPE',186,1,0),(568,'Auxílio para Infra-Estruturas','INFRA',434,0,0),(573,'Auxílio Pesquisa','AP',118,1,1),(574,'Auxílio Pesquisa','AP',434,0,0),(576,'Auxílio Participação em Reunião','ARC',435,0,0),(578,'Auxílio Professor/ Pesquisador Visitante','APV',435,0,0),(579,'Cooperação Internacional','COOP INT',436,0,0),(580,'Auxílio Participação em Reunião','ARC',118,0,0),(582,'Auxílio Organização de Eventos','AOR',118,1,1),(584,'Auxílio Pesquisa','AP',435,0,0),(586,'Auxílio Organização de Eventos','AOR',435,0,0),(587,'Bolsa de Pesquisa no Exterior','BPE',118,1,1),(588,'Auxílio para Infra-Estruturas','INFRA',118,0,0),(589,'Reserva Técnica Institucional','RTI',186,0,0),(592,'Auxílio Organização de Eventos','AOR',191,0,0),(594,'Auxílio Professor/Pesquisador Visitante','APV',118,0,0),(600,'ITI','ITI',252,0,0),(601,'TT','TT',252,0,0),(602,'ICCOTA','ICCOTA',252,0,0),(603,'DTI','DTI',252,0,0),(604,'TT','TT',152,0,0),(605,'PD','PD',252,0,0),(606,'PD','PD',224,0,0),(607,'Dr Sd','Dr Sd',252,0,0),(608,'PIBIC','PIBIC',249,0,0),(609,'PIBIC','PIBIC',438,0,0),(610,'AT-NS','AT-NS',252,0,0),(611,'IC','IC',438,0,0),(612,'IT','IT',252,0,0),(613,'Dr PEC','Dr PEC',224,0,0),(614,'TT 4','TT 4',439,0,0),(615,'TT 5','TT 5',439,0,0),(616,'DrBEPE','DrBEPE',152,0,0),(617,'JP','JP',152,0,0),(618,'DR','DR',440,0,0),(619,'MS','MS',440,0,0),(620,'ProDr','ProDr',224,0,0),(621,'MS-BE','MS-BE',441,0,0),(622,'MsBEPE','MsBEPE',152,0,0),(623,'DTI-C','DTI-C',252,0,0),(624,'IEX','IEX',252,0,0),(625,'DTI-2','DTI-2',252,0,0),(626,'DTI-3','DTI-3',252,0,0),(627,'ICBEPE','ICBEPE',152,0,0),(628,'DD','DD',224,0,0),(629,'PEEG','PEEG',249,0,0),(630,'PIBID','PIBID',224,0,0),(631,'SW-Grd','SW-Grd',252,0,0),(632,'PDJ','PDJ',252,0,0),(633,'Pré-IC','Pré-IC',439,0,0),(634,'Pré-IC','Pré-IC',252,0,0),(635,'ACE','ACE',249,0,0),(636,'DD','DD',252,0,0),(637,'DR','DR',442,0,0),(638,'PICMEI','PICMEI',252,0,0),(639,'DDBEPE','DDBEPE',152,0,0),(640,'IC','IC',442,0,0),(641,'TT','TT',224,0,0),(642,'ATP-A','ATP-A',252,0,0),(643,'IC Jr','IC Jr',252,0,0),(644,'DR','DR',443,0,0),(645,'MS','MS',444,0,0),(646,'PD','PD',444,0,0),(647,'IC','IC',444,0,0),(648,'Dr Sd','Dr Sd',224,0,0),(649,'Cooperação Internacional ','COOP INT',118,1,1),(650,'Cooperação Internacional','COOP INT',117,1,1),(651,'Publicação Científica','',186,1,1);
/*!40000 ALTER TABLE `modalidade` ENABLE KEYS */;
UNLOCK TABLES;

--
-- Table structure for table `modelorelatorio`
--

DROP TABLE IF EXISTS `modelorelatorio`;
/*!40101 SET @saved_cs_client     = @@character_set_client */;
/*!40101 SET character_set_client = utf8 */;
CREATE TABLE `modelorelatorio` (
  `id_modelorelatorio` int(11) NOT NULL AUTO_INCREMENT,
  `arquivo` varchar(100) NOT NULL,
  `nome` varchar(100) NOT NULL,
  `relatoriodefault` bit(1) NOT NULL,
  PRIMARY KEY (`id_modelorelatorio`)
) ENGINE=InnoDB AUTO_INCREMENT=3 DEFAULT CHARSET=latin1;
/*!40101 SET character_set_client = @saved_cs_client */;

--
-- Dumping data for table `modelorelatorio`
--

LOCK TABLES `modelorelatorio` WRITE;
/*!40000 ALTER TABLE `modelorelatorio` DISABLE KEYS */;
INSERT INTO `modelorelatorio` VALUES (1,'relatorio_prestacao_contas_FAPESP','FAPESP',''),(2,'relatorio_prestacao_contas_CAPES','CAPES/CNPq','\0');
/*!40000 ALTER TABLE `modelorelatorio` ENABLE KEYS */;
UNLOCK TABLES;

--
-- Table structure for table `nota_fiscal`
--

DROP TABLE IF EXISTS `nota_fiscal`;
/*!40101 SET @saved_cs_client     = @@character_set_client */;
/*!40101 SET character_set_client = utf8 */;
CREATE TABLE `nota_fiscal` (
  `danfe` varchar(50) DEFAULT NULL,
  `tipo` varchar(20) DEFAULT NULL,
  `id_documento_comprovacao_despesa` int(11) NOT NULL,
  PRIMARY KEY (`id_documento_comprovacao_despesa`),
  KEY `FKC6ECDF2F55C24C52` (`id_documento_comprovacao_despesa`),
  CONSTRAINT `FKC6ECDF2F55C24C52` FOREIGN KEY (`id_documento_comprovacao_despesa`) REFERENCES `documento_comprovacao_despesa` (`id_documento_comprovacao_despesa`)
) ENGINE=InnoDB DEFAULT CHARSET=latin1;
/*!40101 SET character_set_client = @saved_cs_client */;

--
-- Dumping data for table `nota_fiscal`
--

LOCK TABLES `nota_fiscal` WRITE;
/*!40000 ALTER TABLE `nota_fiscal` DISABLE KEYS */;
/*!40000 ALTER TABLE `nota_fiscal` ENABLE KEYS */;
UNLOCK TABLES;

--
-- Table structure for table `objeto_protegido`
--

DROP TABLE IF EXISTS `objeto_protegido`;
/*!40101 SET @saved_cs_client     = @@character_set_client */;
/*!40101 SET character_set_client = utf8 */;
CREATE TABLE `objeto_protegido` (
  `id_objeto_protegido` int(11) NOT NULL AUTO_INCREMENT,
  `descricao` varchar(255) NOT NULL,
  `nome` varchar(100) NOT NULL,
  PRIMARY KEY (`id_objeto_protegido`),
  UNIQUE KEY `nome` (`nome`)
) ENGINE=InnoDB AUTO_INCREMENT=65 DEFAULT CHARSET=latin1;
/*!40101 SET character_set_client = @saved_cs_client */;

--
-- Dumping data for table `objeto_protegido`
--

LOCK TABLES `objeto_protegido` WRITE;
/*!40000 ALTER TABLE `objeto_protegido` DISABLE KEYS */;
INSERT INTO `objeto_protegido` VALUES (1,'','CONTA_CORRENTE_CONSULTAR_TERCEIROS'),(2,'','CONTA_CORRENTE_EDITAR_TERCEIROS'),(3,'','CONTA_CORRENTE_EXCLUIR_TERCEIROS'),(4,'','PROJETO_EDITAR_TERCEIROS'),(5,'','PROJETO_EXCLUIR_TERCEIROS'),(6,'','PROJETO_CONSULTAR_TERCEIROS'),(7,'','PROJETO_CRIAR_PROPRIO'),(8,'','PROJETO_CRIAR_TERCEIROS'),(9,'','PESSOA_EDITAR_TERCEIROS'),(10,'','PESSOA_EXCLUIR_TERCEIROS'),(11,'','PESSOA_CRIAR_REGISTRO'),(12,'Permite setar qual tipo de usuário visualiza a tela de projetos do sistema, logo após efetuar login.','ACESSA_PROJETO_LOGIN'),(13,'','AUXILIO_CRIAR_TERCEIROS'),(14,'','AUXILIO_CONSULTAR_TERCEIROS'),(15,'','INSTITUICAO_CRIAR'),(16,'','INSTITUICAO_EDITAR'),(17,'','DEPARTAMENTO_CRIAR'),(18,'','DEPARTAMENTO_EDITAR'),(19,'','CENTROS_DESPESA_CRIAR'),(20,'','CENTROS_DESPESA_EDITAR'),(21,'','FINANCIADOR_CRIAR'),(22,'','FINANCIADOR_EDITAR'),(23,'','INSTITUICAO_BANCARIA_CRIAR'),(24,'','INSTITUICAO_BANCARIA_EDITAR'),(25,'','PAPEL_EDITAR'),(26,'','OBJETO_PROTEGIDO_EDITAR'),(27,'','PAPEL_CRIAR'),(28,'','AUXILIO_CRIAR'),(29,'','AUXILIO_EDITAR'),(30,'','AUXILIO_REMANEJAR'),(31,'','AUXILIO_ALTERAR_STATUS_FINANCEIRO'),(32,'','AUDITORIA_ACESSAR'),(33,'LIstar despesas','DESPESA_LISTAR'),(34,'','SOLICITA_COTACAO'),(35,'','FORNECEDOR_CRIAR'),(36,'','FORNECEDOR_EDITAR'),(37,'','PRODUTO_CRIAR'),(38,'','PRODUTO_EDITAR'),(39,'','GRUPO_FORNECIMENTO_CRIAR'),(40,'','GRUPO_FORNECIMENTO_EDITAR'),(41,'','TIPO_AUXILIO_CRIAR'),(42,'','TIPO_AUXILIO_EDITAR'),(43,'','ALINEA_CRIAR'),(44,'','ALINEA_EDITAR'),(45,'','FINANCIAMENTO_ESPECIAL_CRIAR'),(46,'','FINANCIAMENTO_ESPECIAL_EDITAR'),(47,'','BEM_PATRIMONIADO_CRIAR'),(48,'','BEM_PATRIMONIADO_EDITAR'),(49,'Define qual usuário terá acesso a tela de configurações.','ACESSA_CONFIGURACOES'),(50,'','PESSOA_EXIBIR_TERCEIROS'),(51,'','DESPESA_EXCLUIR'),(52,'AUXILIO_EXCLUIR','AUXILIO_EXCLUIR'),(53,'PESSOA_GERENCIAR_GRUPOS','PESSOA_GERENCIAR_GRUPOS'),(54,'','FINANCIADOR_EXCLUIR'),(55,'','TIPO_AUXILIO_EXCLUIR'),(56,'','ALINEA_EXCLUIR'),(57,'','CENTROS_DESPESA_EXCLUIR'),(58,'','INSTITUICAO_BANCARIA_EXCLUIR'),(60,'','UNIDADE_EXCLUIR'),(61,'','UNIDADE_EDITAR'),(62,'','UNIDADE_CRIAR'),(63,'','INSTITUICAO_EXCLUIR'),(64,'','FINANCIAMENTO_ESPECIAL_EXCLUIR');
/*!40000 ALTER TABLE `objeto_protegido` ENABLE KEYS */;
UNLOCK TABLES;

--
-- Table structure for table `orcamento`
--

DROP TABLE IF EXISTS `orcamento`;
/*!40101 SET @saved_cs_client     = @@character_set_client */;
/*!40101 SET character_set_client = utf8 */;
CREATE TABLE `orcamento` (
  `id_orcamento` int(11) NOT NULL AUTO_INCREMENT,
  `data_validade` date NOT NULL,
  `prazo` int(11) NOT NULL,
  `valor` decimal(12,2) NOT NULL,
  `fk_fornecedor` int(11) NOT NULL,
  `fk_solicita_orcamento` int(11) NOT NULL,
  `fk_solicitacao_cotacao` int(11) NOT NULL,
  PRIMARY KEY (`id_orcamento`),
  KEY `FKACB0B1F054C020C2` (`fk_fornecedor`),
  KEY `FKACB0B1F0313DF39D` (`fk_solicita_orcamento`),
  KEY `FKACB0B1F0714A3375` (`fk_solicitacao_cotacao`),
  CONSTRAINT `FKACB0B1F0313DF39D` FOREIGN KEY (`fk_solicita_orcamento`) REFERENCES `solicita_orcamento` (`id_solicita_orcamento`),
  CONSTRAINT `FKACB0B1F054C020C2` FOREIGN KEY (`fk_fornecedor`) REFERENCES `fornecedor` (`id_fornecedor`),
  CONSTRAINT `FKACB0B1F0714A3375` FOREIGN KEY (`fk_solicitacao_cotacao`) REFERENCES `solicitacao_cotacao` (`id_solicitacao_cotacao`)
) ENGINE=InnoDB DEFAULT CHARSET=latin1;
/*!40101 SET character_set_client = @saved_cs_client */;

--
-- Dumping data for table `orcamento`
--

LOCK TABLES `orcamento` WRITE;
/*!40000 ALTER TABLE `orcamento` DISABLE KEYS */;
/*!40000 ALTER TABLE `orcamento` ENABLE KEYS */;
UNLOCK TABLES;

--
-- Table structure for table `organizacao_evento`
--

DROP TABLE IF EXISTS `organizacao_evento`;
/*!40101 SET @saved_cs_client     = @@character_set_client */;
/*!40101 SET character_set_client = utf8 */;
CREATE TABLE `organizacao_evento` (
  `id_projeto` int(11) NOT NULL,
  PRIMARY KEY (`id_projeto`),
  KEY `FKF083682279219344` (`id_projeto`),
  CONSTRAINT `FKF083682279219344` FOREIGN KEY (`id_projeto`) REFERENCES `projeto` (`id_projeto`)
) ENGINE=InnoDB DEFAULT CHARSET=latin1;
/*!40101 SET character_set_client = @saved_cs_client */;

--
-- Dumping data for table `organizacao_evento`
--

LOCK TABLES `organizacao_evento` WRITE;
/*!40000 ALTER TABLE `organizacao_evento` DISABLE KEYS */;
/*!40000 ALTER TABLE `organizacao_evento` ENABLE KEYS */;
UNLOCK TABLES;

--
-- Table structure for table `papel`
--

DROP TABLE IF EXISTS `papel`;
/*!40101 SET @saved_cs_client     = @@character_set_client */;
/*!40101 SET character_set_client = utf8 */;
CREATE TABLE `papel` (
  `id_papel` int(11) NOT NULL AUTO_INCREMENT,
  `nome` varchar(100) NOT NULL,
  `pode_ser_responsavel` tinyint(1) NOT NULL DEFAULT '0',
  PRIMARY KEY (`id_papel`)
) ENGINE=InnoDB AUTO_INCREMENT=31 DEFAULT CHARSET=latin1;
/*!40101 SET character_set_client = @saved_cs_client */;

--
-- Dumping data for table `papel`
--

LOCK TABLES `papel` WRITE;
/*!40000 ALTER TABLE `papel` DISABLE KEYS */;
INSERT INTO `papel` VALUES (15,'ADMIN',0),(16,'DOCENTE',1),(17,'DIRETOR',1),(18,'FINANCEIRO',0),(20,'FUNCIONÁRIO',0),(21,'DESLIGADO',0),(22,'DOCENTE APOSENTADO',1),(23,'ALUNO PÓS',0),(24,'FUNCIONARIO APOSENTADO',0),(25,'ALUNO GRADUAÇÃO',0),(26,'EX ALUNO PÓS',0),(27,'EX ALUNO GRADUAÇÃO',0),(28,'EXTERNO',1),(29,'PATRIMONIO',0),(30,'DOCENTE_ADMINISTRADOR',1);
/*!40000 ALTER TABLE `papel` ENABLE KEYS */;
UNLOCK TABLES;

--
-- Table structure for table `participante_auxilio`
--

DROP TABLE IF EXISTS `participante_auxilio`;
/*!40101 SET @saved_cs_client     = @@character_set_client */;
/*!40101 SET character_set_client = utf8 */;
CREATE TABLE `participante_auxilio` (
  `id_participante_auxilio` int(11) NOT NULL AUTO_INCREMENT,
  `data_associacao` date DEFAULT NULL,
  `tipo` longtext,
  `fk_auxilio` int(11) NOT NULL,
  `fk_pessoa_projeto` int(11) NOT NULL,
  PRIMARY KEY (`id_participante_auxilio`),
  KEY `FK175FC2A09597DCE3` (`fk_pessoa_projeto`),
  KEY `FK175FC2A0E7C6B642` (`fk_auxilio`),
  CONSTRAINT `FK175FC2A09597DCE3` FOREIGN KEY (`fk_pessoa_projeto`) REFERENCES `pessoa_projeto` (`id_pessoa_projeto`),
  CONSTRAINT `FK175FC2A0E7C6B642` FOREIGN KEY (`fk_auxilio`) REFERENCES `auxilio` (`id_auxilio`)
) ENGINE=InnoDB DEFAULT CHARSET=latin1;
/*!40101 SET character_set_client = @saved_cs_client */;

--
-- Dumping data for table `participante_auxilio`
--

LOCK TABLES `participante_auxilio` WRITE;
/*!40000 ALTER TABLE `participante_auxilio` DISABLE KEYS */;
/*!40000 ALTER TABLE `participante_auxilio` ENABLE KEYS */;
UNLOCK TABLES;

--
-- Table structure for table `permissao`
--

DROP TABLE IF EXISTS `permissao`;
/*!40101 SET @saved_cs_client     = @@character_set_client */;
/*!40101 SET character_set_client = utf8 */;
CREATE TABLE `permissao` (
  `fk_papel` int(11) NOT NULL,
  `fk_objeto_protegido` int(11) NOT NULL,
  KEY `FK284B898777E83C6C` (`fk_papel`),
  KEY `FK284B8987324F43EB` (`fk_objeto_protegido`),
  CONSTRAINT `FK284B8987324F43EB` FOREIGN KEY (`fk_objeto_protegido`) REFERENCES `objeto_protegido` (`id_objeto_protegido`),
  CONSTRAINT `FK284B898777E83C6C` FOREIGN KEY (`fk_papel`) REFERENCES `papel` (`id_papel`)
) ENGINE=InnoDB DEFAULT CHARSET=latin1;
/*!40101 SET character_set_client = @saved_cs_client */;

--
-- Dumping data for table `permissao`
--

LOCK TABLES `permissao` WRITE;
/*!40000 ALTER TABLE `permissao` DISABLE KEYS */;
INSERT INTO `permissao` VALUES (15,1),(15,2),(15,3),(15,4),(15,5),(15,6),(15,7),(15,8),(15,9),(15,10),(15,11),(15,12),(15,13),(15,14),(15,15),(15,16),(15,17),(15,18),(15,19),(15,20),(15,21),(15,22),(15,23),(15,24),(15,25),(15,26),(15,27),(15,28),(15,29),(15,30),(15,31),(15,32),(15,33),(15,34),(15,35),(15,36),(15,37),(15,38),(15,39),(15,40),(15,41),(15,42),(15,43),(15,44),(15,45),(15,46),(15,47),(15,48),(15,49),(15,50),(15,51),(15,52),(15,53),(15,54),(15,55),(15,56),(15,57),(15,58),(15,60),(15,61),(15,62),(15,63),(15,64),(18,1),(18,2),(18,3),(18,4),(18,5),(18,6),(18,7),(18,8),(18,9),(18,10),(18,11),(18,13),(18,14),(18,15),(18,16),(18,17),(18,18),(18,19),(18,20),(18,21),(18,22),(18,23),(18,24),(18,26),(18,28),(18,29),(18,30),(18,31),(18,32),(18,33),(18,34),(18,35),(18,36),(18,37),(18,38),(18,39),(18,40),(18,41),(18,42),(18,43),(18,44),(18,45),(18,46),(18,47),(18,48),(18,49),(18,50),(18,51),(18,52),(18,53),(18,54),(18,55),(18,25),(18,56),(18,57),(18,27),(18,58),(18,62),(18,61),(18,60),(18,63),(18,64),(16,12),(16,33),(30,12),(30,43),(30,44),(30,56),(30,31),(30,28),(30,29),(30,52),(30,30),(30,19),(30,20),(30,17),(30,18),(30,51),(30,33),(30,21),(30,35),(30,7),(30,37),(30,38);
/*!40000 ALTER TABLE `permissao` ENABLE KEYS */;
UNLOCK TABLES;

--
-- Table structure for table `pesquisa`
--

DROP TABLE IF EXISTS `pesquisa`;
/*!40101 SET @saved_cs_client     = @@character_set_client */;
/*!40101 SET character_set_client = utf8 */;
CREATE TABLE `pesquisa` (
  `id_projeto` int(11) NOT NULL,
  PRIMARY KEY (`id_projeto`),
  KEY `FK1C05797579219344` (`id_projeto`),
  CONSTRAINT `FK1C05797579219344` FOREIGN KEY (`id_projeto`) REFERENCES `projeto` (`id_projeto`)
) ENGINE=InnoDB DEFAULT CHARSET=latin1;
/*!40101 SET character_set_client = @saved_cs_client */;

--
-- Dumping data for table `pesquisa`
--

LOCK TABLES `pesquisa` WRITE;
/*!40000 ALTER TABLE `pesquisa` DISABLE KEYS */;
/*!40000 ALTER TABLE `pesquisa` ENABLE KEYS */;
UNLOCK TABLES;

--
-- Table structure for table `pessoa`
--

DROP TABLE IF EXISTS `pessoa`;
/*!40101 SET @saved_cs_client     = @@character_set_client */;
/*!40101 SET character_set_client = utf8 */;
CREATE TABLE `pessoa` (
  `id_pessoa` int(11) NOT NULL AUTO_INCREMENT,
  `cpf` varchar(100) DEFAULT NULL,
  `data_nascimento` date DEFAULT NULL,
  `email` varchar(100) DEFAULT NULL,
  `nome` varchar(100) NOT NULL,
  `nome_mae` varchar(100) DEFAULT NULL,
  `passaporte` varchar(100) DEFAULT NULL,
  `password` varchar(100) DEFAULT NULL,
  `rg` varchar(100) DEFAULT NULL,
  `sobrenome` varchar(100) DEFAULT NULL,
  `telefone` varchar(25) DEFAULT NULL,
  `telefone_celular` varchar(25) DEFAULT NULL,
  `username` varchar(20) DEFAULT NULL,
  `fk_departamento` int(11) DEFAULT NULL,
  `fk_endereco` int(11) DEFAULT NULL,
  `escopo` int(11) DEFAULT '0',
  PRIMARY KEY (`id_pessoa`),
  KEY `FKC4E40FA74B47E58A` (`fk_endereco`),
  KEY `FKC4E40FA792074480` (`fk_departamento`),
  KEY `username_idx` (`username`),
  CONSTRAINT `FKC4E40FA74B47E58A` FOREIGN KEY (`fk_endereco`) REFERENCES `endereco` (`id_endereco`),
  CONSTRAINT `FKC4E40FA792074480` FOREIGN KEY (`fk_departamento`) REFERENCES `departamento` (`id_departamento`)
) ENGINE=InnoDB DEFAULT CHARSET=latin1;
/*!40101 SET character_set_client = @saved_cs_client */;

--
-- Dumping data for table `pessoa`
--

LOCK TABLES `pessoa` WRITE;
/*!40000 ALTER TABLE `pessoa` DISABLE KEYS */;
/*!40000 ALTER TABLE `pessoa` ENABLE KEYS */;
UNLOCK TABLES;

--
-- Table structure for table `pessoa_fisica`
--

DROP TABLE IF EXISTS `pessoa_fisica`;
/*!40101 SET @saved_cs_client     = @@character_set_client */;
/*!40101 SET character_set_client = utf8 */;
CREATE TABLE `pessoa_fisica` (
  `id_financiador` int(11) NOT NULL,
  PRIMARY KEY (`id_financiador`),
  KEY `FKFD9D240F922325C6` (`id_financiador`),
  CONSTRAINT `FKFD9D240F922325C6` FOREIGN KEY (`id_financiador`) REFERENCES `financiador` (`id_financiador`)
) ENGINE=InnoDB DEFAULT CHARSET=latin1;
/*!40101 SET character_set_client = @saved_cs_client */;

--
-- Dumping data for table `pessoa_fisica`
--

LOCK TABLES `pessoa_fisica` WRITE;
/*!40000 ALTER TABLE `pessoa_fisica` DISABLE KEYS */;
/*!40000 ALTER TABLE `pessoa_fisica` ENABLE KEYS */;
UNLOCK TABLES;

--
-- Table structure for table `pessoa_papel`
--

DROP TABLE IF EXISTS `pessoa_papel`;
/*!40101 SET @saved_cs_client     = @@character_set_client */;
/*!40101 SET character_set_client = utf8 */;
CREATE TABLE `pessoa_papel` (
  `fk_pessoa` int(11) NOT NULL,
  `fk_papel` int(11) NOT NULL,
  KEY `FK3201EAEE77E83C6C` (`fk_papel`),
  KEY `FK3201EAEE7C78A046` (`fk_pessoa`),
  CONSTRAINT `FK3201EAEE77E83C6C` FOREIGN KEY (`fk_papel`) REFERENCES `papel` (`id_papel`),
  CONSTRAINT `FK3201EAEE7C78A046` FOREIGN KEY (`fk_pessoa`) REFERENCES `pessoa` (`id_pessoa`)
) ENGINE=InnoDB DEFAULT CHARSET=latin1;
/*!40101 SET character_set_client = @saved_cs_client */;

--
-- Dumping data for table `pessoa_papel`
--

LOCK TABLES `pessoa_papel` WRITE;
/*!40000 ALTER TABLE `pessoa_papel` DISABLE KEYS */;
/*!40000 ALTER TABLE `pessoa_papel` ENABLE KEYS */;
UNLOCK TABLES;

--
-- Table structure for table `pessoa_projeto`
--

DROP TABLE IF EXISTS `pessoa_projeto`;
/*!40101 SET @saved_cs_client     = @@character_set_client */;
/*!40101 SET character_set_client = utf8 */;
CREATE TABLE `pessoa_projeto` (
  `id_pessoa_projeto` int(11) NOT NULL AUTO_INCREMENT,
  `data_associacao` date DEFAULT NULL,
  `tipo` varchar(200) DEFAULT NULL,
  `fk_pessoa` int(11) NOT NULL,
  `fk_projeto` int(11) NOT NULL,
  PRIMARY KEY (`id_pessoa_projeto`),
  KEY `FKD6296C8BAA2448EE` (`fk_projeto`),
  KEY `FKD6296C8B7C78A046` (`fk_pessoa`),
  CONSTRAINT `FKD6296C8B7C78A046` FOREIGN KEY (`fk_pessoa`) REFERENCES `pessoa` (`id_pessoa`),
  CONSTRAINT `FKD6296C8BAA2448EE` FOREIGN KEY (`fk_projeto`) REFERENCES `projeto` (`id_projeto`)
) ENGINE=InnoDB DEFAULT CHARSET=latin1;
/*!40101 SET character_set_client = @saved_cs_client */;

--
-- Dumping data for table `pessoa_projeto`
--

LOCK TABLES `pessoa_projeto` WRITE;
/*!40000 ALTER TABLE `pessoa_projeto` DISABLE KEYS */;
/*!40000 ALTER TABLE `pessoa_projeto` ENABLE KEYS */;
UNLOCK TABLES;

--
-- Table structure for table `prestacao_contas`
--

DROP TABLE IF EXISTS `prestacao_contas`;
/*!40101 SET @saved_cs_client     = @@character_set_client */;
/*!40101 SET character_set_client = utf8 */;
CREATE TABLE `prestacao_contas` (
  `id_prestacao_contas` int(11) NOT NULL AUTO_INCREMENT,
  `data_limite` date NOT NULL,
  `descricao` longtext,
  `status` varchar(20) NOT NULL,
  `fk_auxilio` int(11) NOT NULL,
  `fk_responsavel` int(11) DEFAULT NULL,
  PRIMARY KEY (`id_prestacao_contas`),
  KEY `FKDDB07B6F8FEEF1AB` (`fk_responsavel`),
  KEY `FKDDB07B6FE7C6B642` (`fk_auxilio`),
  CONSTRAINT `FKDDB07B6F8FEEF1AB` FOREIGN KEY (`fk_responsavel`) REFERENCES `pessoa` (`id_pessoa`),
  CONSTRAINT `FKDDB07B6FE7C6B642` FOREIGN KEY (`fk_auxilio`) REFERENCES `auxilio` (`id_auxilio`)
) ENGINE=InnoDB DEFAULT CHARSET=latin1;
/*!40101 SET character_set_client = @saved_cs_client */;

--
-- Dumping data for table `prestacao_contas`
--

LOCK TABLES `prestacao_contas` WRITE;
/*!40000 ALTER TABLE `prestacao_contas` DISABLE KEYS */;
/*!40000 ALTER TABLE `prestacao_contas` ENABLE KEYS */;
UNLOCK TABLES;

--
-- Table structure for table `produto`
--

DROP TABLE IF EXISTS `produto`;
/*!40101 SET @saved_cs_client     = @@character_set_client */;
/*!40101 SET character_set_client = utf8 */;
CREATE TABLE `produto` (
  `id_produto` int(11) NOT NULL AUTO_INCREMENT,
  `descricao` longtext NOT NULL,
  `marca` varchar(100) NOT NULL,
  `modelo` varchar(100) NOT NULL,
  `fk_grupo_fornecimento` int(11) NOT NULL,
  PRIMARY KEY (`id_produto`),
  KEY `FKED8DCEF9AC4CF9D1` (`fk_grupo_fornecimento`),
  CONSTRAINT `FKED8DCEF9AC4CF9D1` FOREIGN KEY (`fk_grupo_fornecimento`) REFERENCES `grupo_fornecimento` (`id_grupo_fornecimento`)
) ENGINE=InnoDB DEFAULT CHARSET=latin1;
/*!40101 SET character_set_client = @saved_cs_client */;

--
-- Dumping data for table `produto`
--

LOCK TABLES `produto` WRITE;
/*!40000 ALTER TABLE `produto` DISABLE KEYS */;
/*!40000 ALTER TABLE `produto` ENABLE KEYS */;
UNLOCK TABLES;

--
-- Table structure for table `programas_especiais_financiamento`
--

DROP TABLE IF EXISTS `programas_especiais_financiamento`;
/*!40101 SET @saved_cs_client     = @@character_set_client */;
/*!40101 SET character_set_client = utf8 */;
CREATE TABLE `programas_especiais_financiamento` (
  `id_programa_especial_financiamento` int(11) NOT NULL AUTO_INCREMENT,
  `descricao` varchar(100) DEFAULT NULL,
  `nome` varchar(100) NOT NULL,
  PRIMARY KEY (`id_programa_especial_financiamento`)
) ENGINE=InnoDB AUTO_INCREMENT=8 DEFAULT CHARSET=latin1;
/*!40101 SET character_set_client = @saved_cs_client */;

--
-- Dumping data for table `programas_especiais_financiamento`
--

LOCK TABLES `programas_especiais_financiamento` WRITE;
/*!40000 ALTER TABLE `programas_especiais_financiamento` DISABLE KEYS */;
INSERT INTO `programas_especiais_financiamento` VALUES (1,'NAP','NAP'),(2,'','550ORC'),(3,'','550REC'),(4,'','557ORC'),(5,'','557REC'),(6,'','Auxílio Pesquisador Visitante'),(7,'','DAAD');
/*!40000 ALTER TABLE `programas_especiais_financiamento` ENABLE KEYS */;
UNLOCK TABLES;

--
-- Table structure for table `projeto`
--

DROP TABLE IF EXISTS `projeto`;
/*!40101 SET @saved_cs_client     = @@character_set_client */;
/*!40101 SET character_set_client = utf8 */;
CREATE TABLE `projeto` (
  `id_projeto` int(11) NOT NULL AUTO_INCREMENT,
  `data_criacao` date DEFAULT NULL,
  `data_final` date DEFAULT NULL,
  `data_inicial` date DEFAULT NULL,
  `descricao` longtext NOT NULL,
  `status` varchar(50) NOT NULL,
  `titulo` longtext NOT NULL,
  `fk_departamento` int(11) NOT NULL,
  `fk_projeto_pai` int(11) DEFAULT NULL,
  `fk_responsavel` int(11) NOT NULL,
  PRIMARY KEY (`id_projeto`),
  KEY `FKED904D238FEEF1AB` (`fk_responsavel`),
  KEY `FKED904D2350F12C47` (`fk_projeto_pai`),
  KEY `FKED904D2392074480` (`fk_departamento`),
  CONSTRAINT `FKED904D2350F12C47` FOREIGN KEY (`fk_projeto_pai`) REFERENCES `projeto` (`id_projeto`),
  CONSTRAINT `FKED904D238FEEF1AB` FOREIGN KEY (`fk_responsavel`) REFERENCES `pessoa` (`id_pessoa`),
  CONSTRAINT `FKED904D2392074480` FOREIGN KEY (`fk_departamento`) REFERENCES `departamento` (`id_departamento`)
) ENGINE=InnoDB DEFAULT CHARSET=latin1;
/*!40101 SET character_set_client = @saved_cs_client */;

--
-- Dumping data for table `projeto`
--

LOCK TABLES `projeto` WRITE;
/*!40000 ALTER TABLE `projeto` DISABLE KEYS */;
/*!40000 ALTER TABLE `projeto` ENABLE KEYS */;
UNLOCK TABLES;

--
-- Table structure for table `recibo`
--

DROP TABLE IF EXISTS `recibo`;
/*!40101 SET @saved_cs_client     = @@character_set_client */;
/*!40101 SET character_set_client = utf8 */;
CREATE TABLE `recibo` (
  `id_documento_comprovacao_despesa` int(11) NOT NULL,
  PRIMARY KEY (`id_documento_comprovacao_despesa`),
  KEY `FKC84653E655C24C52` (`id_documento_comprovacao_despesa`),
  CONSTRAINT `FKC84653E655C24C52` FOREIGN KEY (`id_documento_comprovacao_despesa`) REFERENCES `documento_comprovacao_despesa` (`id_documento_comprovacao_despesa`)
) ENGINE=InnoDB DEFAULT CHARSET=latin1;
/*!40101 SET character_set_client = @saved_cs_client */;

--
-- Dumping data for table `recibo`
--

LOCK TABLES `recibo` WRITE;
/*!40000 ALTER TABLE `recibo` DISABLE KEYS */;
/*!40000 ALTER TABLE `recibo` ENABLE KEYS */;
UNLOCK TABLES;

--
-- Table structure for table `relatorio_cientifico`
--

DROP TABLE IF EXISTS `relatorio_cientifico`;
/*!40101 SET @saved_cs_client     = @@character_set_client */;
/*!40101 SET character_set_client = utf8 */;
CREATE TABLE `relatorio_cientifico` (
  `id_relatorio_cientifico` int(11) NOT NULL AUTO_INCREMENT,
  `data_limite` date NOT NULL,
  `descricao` longtext,
  `status` varchar(20) NOT NULL,
  `fk_auxilio` int(11) NOT NULL,
  PRIMARY KEY (`id_relatorio_cientifico`),
  KEY `FKBEFAD45DE7C6B642` (`fk_auxilio`),
  CONSTRAINT `FKBEFAD45DE7C6B642` FOREIGN KEY (`fk_auxilio`) REFERENCES `auxilio` (`id_auxilio`)
) ENGINE=InnoDB DEFAULT CHARSET=latin1;
/*!40101 SET character_set_client = @saved_cs_client */;

--
-- Dumping data for table `relatorio_cientifico`
--

LOCK TABLES `relatorio_cientifico` WRITE;
/*!40000 ALTER TABLE `relatorio_cientifico` DISABLE KEYS */;
/*!40000 ALTER TABLE `relatorio_cientifico` ENABLE KEYS */;
UNLOCK TABLES;

--
-- Table structure for table `representante_vendas`
--

DROP TABLE IF EXISTS `representante_vendas`;
/*!40101 SET @saved_cs_client     = @@character_set_client */;
/*!40101 SET character_set_client = utf8 */;
CREATE TABLE `representante_vendas` (
  `id_representante_vendas` int(11) NOT NULL AUTO_INCREMENT,
  `email` varchar(100) NOT NULL,
  `fone` varchar(100) NOT NULL,
  `nome` varchar(100) NOT NULL,
  `fk_fornecedor` int(11) NOT NULL,
  PRIMARY KEY (`id_representante_vendas`),
  KEY `FKA4C9537054C020C2` (`fk_fornecedor`),
  CONSTRAINT `FKA4C9537054C020C2` FOREIGN KEY (`fk_fornecedor`) REFERENCES `fornecedor` (`id_fornecedor`)
) ENGINE=InnoDB DEFAULT CHARSET=latin1;
/*!40101 SET character_set_client = @saved_cs_client */;

--
-- Dumping data for table `representante_vendas`
--

LOCK TABLES `representante_vendas` WRITE;
/*!40000 ALTER TABLE `representante_vendas` DISABLE KEYS */;
/*!40000 ALTER TABLE `representante_vendas` ENABLE KEYS */;
UNLOCK TABLES;

--
-- Table structure for table `solicita_orcamento`
--

DROP TABLE IF EXISTS `solicita_orcamento`;
/*!40101 SET @saved_cs_client     = @@character_set_client */;
/*!40101 SET character_set_client = utf8 */;
CREATE TABLE `solicita_orcamento` (
  `id_solicita_orcamento` int(11) NOT NULL AUTO_INCREMENT,
  `chave_acesso` varchar(50) NOT NULL,
  `fk_fornecedor` int(11) NOT NULL,
  `fk_solicitacao_cotacao` int(11) NOT NULL,
  PRIMARY KEY (`id_solicita_orcamento`),
  KEY `chave_acesso` (`chave_acesso`),
  KEY `FKB352FF1D54C020C2` (`fk_fornecedor`),
  KEY `FKB352FF1D714A3375` (`fk_solicitacao_cotacao`),
  CONSTRAINT `FKB352FF1D54C020C2` FOREIGN KEY (`fk_fornecedor`) REFERENCES `fornecedor` (`id_fornecedor`),
  CONSTRAINT `FKB352FF1D714A3375` FOREIGN KEY (`fk_solicitacao_cotacao`) REFERENCES `solicitacao_cotacao` (`id_solicitacao_cotacao`)
) ENGINE=InnoDB DEFAULT CHARSET=latin1;
/*!40101 SET character_set_client = @saved_cs_client */;

--
-- Dumping data for table `solicita_orcamento`
--

LOCK TABLES `solicita_orcamento` WRITE;
/*!40000 ALTER TABLE `solicita_orcamento` DISABLE KEYS */;
/*!40000 ALTER TABLE `solicita_orcamento` ENABLE KEYS */;
UNLOCK TABLES;

--
-- Table structure for table `solicitacao_cotacao`
--

DROP TABLE IF EXISTS `solicitacao_cotacao`;
/*!40101 SET @saved_cs_client     = @@character_set_client */;
/*!40101 SET character_set_client = utf8 */;
CREATE TABLE `solicitacao_cotacao` (
  `id_solicitacao_cotacao` int(11) NOT NULL AUTO_INCREMENT,
  `data_envio` date DEFAULT NULL,
  `data_limite_resposta` date DEFAULT NULL,
  `fk_grupo_fornecimento` int(11) NOT NULL,
  `fk_item` int(11) NOT NULL,
  PRIMARY KEY (`id_solicitacao_cotacao`),
  KEY `FKC04CDDBEAC4CF9D1` (`fk_grupo_fornecimento`),
  KEY `FKC04CDDBE1A8EB1E` (`fk_item`),
  CONSTRAINT `FKC04CDDBE1A8EB1E` FOREIGN KEY (`fk_item`) REFERENCES `item` (`id_item`),
  CONSTRAINT `FKC04CDDBEAC4CF9D1` FOREIGN KEY (`fk_grupo_fornecimento`) REFERENCES `grupo_fornecimento` (`id_grupo_fornecimento`)
) ENGINE=InnoDB DEFAULT CHARSET=latin1;
/*!40101 SET character_set_client = @saved_cs_client */;

--
-- Dumping data for table `solicitacao_cotacao`
--

LOCK TABLES `solicitacao_cotacao` WRITE;
/*!40000 ALTER TABLE `solicitacao_cotacao` DISABLE KEYS */;
/*!40000 ALTER TABLE `solicitacao_cotacao` ENABLE KEYS */;
UNLOCK TABLES;

--
-- Table structure for table `subcentrodespesas_alinea`
--

DROP TABLE IF EXISTS `subcentrodespesas_alinea`;
/*!40101 SET @saved_cs_client     = @@character_set_client */;
/*!40101 SET character_set_client = utf8 */;
CREATE TABLE `subcentrodespesas_alinea` (
  `id_subcentrodespesas` int(11) NOT NULL AUTO_INCREMENT,
  `centro_distribuidor` tinyint(1) NOT NULL DEFAULT '0',
  `valor` decimal(12,2) NOT NULL,
  `fk_alinea` int(11) NOT NULL,
  `fk_centro_despesa` int(11) NOT NULL,
  PRIMARY KEY (`id_subcentrodespesas`),
  KEY `FK62F5F6C88E3CE507` (`fk_centro_despesa`),
  KEY `FK62F5F6C8F873FCD0` (`fk_alinea`),
  CONSTRAINT `FK62F5F6C88E3CE507` FOREIGN KEY (`fk_centro_despesa`) REFERENCES `centro_despesa` (`id_centro_despesa`),
  CONSTRAINT `FK62F5F6C8F873FCD0` FOREIGN KEY (`fk_alinea`) REFERENCES `alinea` (`id_alinea`)
) ENGINE=InnoDB DEFAULT CHARSET=latin1;
/*!40101 SET character_set_client = @saved_cs_client */;

--
-- Dumping data for table `subcentrodespesas_alinea`
--

LOCK TABLES `subcentrodespesas_alinea` WRITE;
/*!40000 ALTER TABLE `subcentrodespesas_alinea` DISABLE KEYS */;
/*!40000 ALTER TABLE `subcentrodespesas_alinea` ENABLE KEYS */;
UNLOCK TABLES;

--
-- Table structure for table `subcountries`
--

DROP TABLE IF EXISTS `subcountries`;
/*!40101 SET @saved_cs_client     = @@character_set_client */;
/*!40101 SET character_set_client = utf8 */;
CREATE TABLE `subcountries` (
  `id_subcountry` int(11) NOT NULL,
  `code` varchar(2) DEFAULT NULL,
  `name` varchar(50) DEFAULT NULL,
  `fk_country` varchar(2) NOT NULL,
  PRIMARY KEY (`id_subcountry`),
  UNIQUE KEY `code` (`code`),
  KEY `FK560FE47436A8CAB5` (`fk_country`),
  CONSTRAINT `FK560FE47436A8CAB5` FOREIGN KEY (`fk_country`) REFERENCES `countries` (`code`)
) ENGINE=InnoDB DEFAULT CHARSET=latin1;
/*!40101 SET character_set_client = @saved_cs_client */;

--
-- Dumping data for table `subcountries`
--

LOCK TABLES `subcountries` WRITE;
/*!40000 ALTER TABLE `subcountries` DISABLE KEYS */;
/*!40000 ALTER TABLE `subcountries` ENABLE KEYS */;
UNLOCK TABLES;

--
-- Table structure for table `telefone`
--

DROP TABLE IF EXISTS `telefone`;
/*!40101 SET @saved_cs_client     = @@character_set_client */;
/*!40101 SET character_set_client = utf8 */;
CREATE TABLE `telefone` (
  `id_telefone` int(11) NOT NULL,
  `ddd` varchar(10) DEFAULT NULL,
  `numero` varchar(20) NOT NULL,
  `ramal` varchar(10) DEFAULT NULL,
  `tipo` varchar(20) DEFAULT NULL,
  PRIMARY KEY (`id_telefone`)
) ENGINE=InnoDB DEFAULT CHARSET=latin1;
/*!40101 SET character_set_client = @saved_cs_client */;

--
-- Dumping data for table `telefone`
--

LOCK TABLES `telefone` WRITE;
/*!40000 ALTER TABLE `telefone` DISABLE KEYS */;
/*!40000 ALTER TABLE `telefone` ENABLE KEYS */;
UNLOCK TABLES;

--
-- Table structure for table `tipo_auxilio`
--

DROP TABLE IF EXISTS `tipo_auxilio`;
/*!40101 SET @saved_cs_client     = @@character_set_client */;
/*!40101 SET character_set_client = utf8 */;
CREATE TABLE `tipo_auxilio` (
  `id_tipo_auxilio` int(11) NOT NULL AUTO_INCREMENT,
  `nome` varchar(100) NOT NULL,
  `sigla` varchar(20) DEFAULT NULL,
  `fk_id_financiador` int(11) NOT NULL,
  PRIMARY KEY (`id_tipo_auxilio`),
  KEY `FK1E595C425635C480` (`fk_id_financiador`),
  CONSTRAINT `FK1E595C425635C480` FOREIGN KEY (`fk_id_financiador`) REFERENCES `financiador` (`id_financiador`)
) ENGINE=InnoDB AUTO_INCREMENT=445 DEFAULT CHARSET=latin1;
/*!40101 SET character_set_client = @saved_cs_client */;

--
-- Dumping data for table `tipo_auxilio`
--

LOCK TABLES `tipo_auxilio` WRITE;
/*!40000 ALTER TABLE `tipo_auxilio` DISABLE KEYS */;
INSERT INTO `tipo_auxilio` VALUES (36,'N/D','N/D',36),(67,'N/D','N/D',67),(116,'N/D','',72),(117,'Auxílios','Auxílios',73),(118,'Auxílios','Auxílios',74),(122,'N/D','',78),(123,'N/D','',79),(125,'N/D','',81),(133,'N/D','',89),(136,'N/D','',92),(144,'N/D','',100),(152,'Bolsas','Bolsas',72),(178,'N/D','N/D',128),(186,'Auxílios','Auxilios',72),(191,'Auxílios','Auxílios',140),(224,'Bolsas','Bolsas',74),(249,'Bolsas de Estudo','Bolsa',79),(250,'Iniciação Científica','IC',79),(251,'Inovação Tecnológica','IT',79),(252,'Bolsas de Estudo','BE',73),(315,'Bolsas','Bolsas',140),(434,'Auxílios','Auxílios',89),(435,'Auxílios','Auxílios',81),(436,'Auxílios','Auxílios',78),(438,'Bolsas','Bolsas',92),(439,'Bolsas','Bolsas',100),(440,'Bolsas','Bolsas',67),(441,'Bolsas','Bolsas',36),(442,'Bolsas','Bolsas',338),(443,'Bolsas','Bolsas',128),(444,'Bolsas','Bolsas',339);
/*!40000 ALTER TABLE `tipo_auxilio` ENABLE KEYS */;
UNLOCK TABLES;

--
-- Table structure for table `unidade`
--

DROP TABLE IF EXISTS `unidade`;
/*!40101 SET @saved_cs_client     = @@character_set_client */;
/*!40101 SET character_set_client = utf8 */;
CREATE TABLE `unidade` (
  `id_unidade` int(11) NOT NULL AUTO_INCREMENT,
  `nome` varchar(100) NOT NULL,
  `sigla` varchar(100) NOT NULL,
  `fk_instituicao` int(11) DEFAULT NULL,
  PRIMARY KEY (`id_unidade`),
  KEY `FKEEE4BAAE8DD19100` (`fk_instituicao`),
  CONSTRAINT `FKEEE4BAAE8DD19100` FOREIGN KEY (`fk_instituicao`) REFERENCES `instituicao` (`id_instituicao`)
) ENGINE=InnoDB AUTO_INCREMENT=252 DEFAULT CHARSET=latin1;
/*!40101 SET character_set_client = @saved_cs_client */;

--
-- Dumping data for table `unidade`
--

LOCK TABLES `unidade` WRITE;
/*!40000 ALTER TABLE `unidade` DISABLE KEYS */;
INSERT INTO `unidade` VALUES (1,'Reitoria da Universidade de São Paulo','RUSP   ',1),(2,'Faculdade de Direito','FD     ',1),(3,'Escola Politécnica','EP     ',1),(4,'Instituto de Energia e Ambiente','IEE    ',1),(5,'Faculdade de Medicina','FM     ',1),(6,'Faculdade de Saúde Pública','FSP    ',1),(7,'Escola de Enfermagem','EE     ',1),(8,'Faculdade de Filosofia, Letras e Ciências Humanas','FFLCH  ',1),(9,'Faculdade de Ciências Farmacêuticas','FCF    ',1),(10,'Faculdade de Medicina Veterinária e Zootecnia','FMVZ   ',1),(11,'Escola Superior de Agricultura \"Luiz de Queiroz\"','ESALQ  ',1),(12,'Faculdade de Economia, Administração e Contabilidade','FEA    ',1),(13,'Prefeitura do Campus Usp de Bauru','PUSP-B ',1),(14,'Instituto de Astronomia, Geofísica e Ciências Atmosféricas','IAG    ',1),(15,'Instituto de Pesquisas Tecnológicas','IPT    ',1),(16,'Faculdade de Arquitetura e Urbanismo','FAU    ',1),(17,'Faculdade de Medicina de Ribeirão Preto','FMRP   ',1),(18,'Escola de Engenharia de São Carlos','EESC   ',1),(19,'Prefeitura do Campus Usp de Pirassununga','PUSP-P ',1),(20,'Serviço Especial de Saúde de Araraquara','SESA   ',1),(21,'Instituto Oceanográfico','IO     ',1),(22,'Escola de Enfermagem de Ribeirão Preto','EERP   ',1),(23,'Faculdade de Odontologia','FO     ',1),(24,'Instituto de Reabilitação','IR     ',1),(25,'Faculdade de Odontologia de Bauru','FOB    ',1),(26,'Instituto de Pré-História','IPH    ',1),(27,'Escola de Comunicações e Artes','ECA    ',1),(28,'Instituto Zimotécnico','IZ     ',1),(29,'Instituto de Pesquisas Matemáticas','IPM    ',1),(30,'Centro de Biologia Marinha','CEBIMar',1),(31,'Instituto de Estudos Brasileiros','IEB    ',1),(32,'Museu de Arte Contemporânea','MAC    ',1),(33,'Museu Paulista','MP     ',1),(34,'Instituto de Geografia','IGEO   ',1),(35,'Superintendência de Assistência Social','SAS    ',1),(36,'Museu de Arqueologia e Etnologia (desativado)','MAE    ',1),(37,'Instituto de Estudos Avançados','IEA    ',1),(38,'Museu de Zoologia','MZ     ',1),(39,'Escola de Educação Física e Esporte','EEFE   ',1),(40,'Centro de Medicina Nuclear','CMN    ',1),(41,'Instituto de Biociências','IB     ',1),(42,'Instituto de Ciências Biomédicas','ICB    ',1),(43,'Instituto de Física','IF     ',1),(44,'Instituto de Geociências','IGc    ',1),(45,'Instituto de Matemática e Estatística','IME    ',1),(46,'Instituto de Química','IQ     ',1),(47,'Instituto de Psicologia','IP     ',1),(48,'Faculdade de Educação','FE     ',1),(49,'Prefeitura do Campus Usp da Capital','PUSP-C ',1),(50,'Serviço de Verificação de Óbitos da Capital','SVOC   ',1),(51,'Fundo de Construção da Universidade de São Paulo','FUNDUSP',1),(52,'Prefeitura do Campus Usp de São Carlos','PUSP-SC',1),(53,'Prefeitura do Campus Usp de Ribeirão Preto','PUSP-RP',1),(54,'Instituto de Física e Química de São Carlos','IFQSC  ',1),(55,'Instituto de Ciências Matemáticas e de Computação','ICMC   ',1),(56,'Superintendência de Comunicação Social','SCS    ',1),(57,'Prefeitura da Cidade Universitária - Analfabetos','PCO-A  ',1),(58,'Faculdade de Odontologia de Ribeirão Preto','FORP   ',1),(59,'Faculdade de Filosofia, Ciências e Letras de Ribeirão Preto','FFCLRP ',1),(60,'Faculdade de Ciências Farmacêuticas de Ribeirão Preto','FCFRP  ',1),(61,'Hospital de Reabilitação de Anomalias Craniofaciais','HRAC   ',1),(62,'Hospital Universitário','HU     ',1),(63,'Centro de Práticas Esportivas da Universidade de São Paulo','CEPEUSP',1),(64,'Centro de Energia Nuclear na Agricultura','CENA   ',1),(65,'Faculdade de Farmácia e Odontologia de Ribeirão Preto','FFORP  ',1),(66,'Prefeitura do Campus Usp \"Luiz de Queiroz\"','PUSP-LQ',1),(67,'Serviço de Verificação de Óbitos do Interior','SVOI   ',1),(68,'Unidade Executora do Projeto Bid','UEPBID ',1),(69,'Sistema Integrado de Bibliotecas','SIBI   ',1),(70,'Centro de Computação Eletrônica da Universidade de São Paulo','CCE    ',1),(71,'Museu de Arqueologia e Etnologia','M A E  ',1),(72,'Coordenadoria Executiva de Cooperação Universitária e de Atividades Especiais','CECAE  ',1),(73,'Centro de Informática de São Carlos','CISC   ',1),(74,'Faculdade de Zootecnia e Engenharia de Alimentos','FZEA   ',1),(75,'Instituto de Química de São Carlos','IQSC   ',1),(76,'Instituto de Física de São Carlos','IFSC   ',1),(77,'Centro de Informática de Ribeirão Preto','CIRP   ',1),(78,'Centro de Divulgação Científica e Cultural','CDCC   ',1),(79,'Faculdade de Farmácia e Odontologia','FFO    ',1),(80,'Centro de Informática do Campus \"Luiz de Queiroz\"','CIAGRI ',1),(81,'Faculdade de Economia, Administração e Contabilidade de Ribeirão Preto','FEARP  ',1),(82,'Superintendência do Espaço Físico','SEF    ',1),(83,'Instituto de Medicina Tropical de São Paulo','IMT    ',1),(84,'Superintendência de Tecnologia da Informação','STI    ',1),(85,'Instituto de Pesquisas Energéticas e Nucleares','IPEN   ',1),(86,'Escola de Artes, Ciências e Humanidades','EACH   ',1),(87,'Instituto de Relações Internacionais','IRI    ',1),(88,'Escola de Engenharia de Lorena','EEL    ',1),(89,'Faculdade de Direito de Ribeirão Preto','FDRP   ',1),(90,'Escola de Educação Física e Esporte de Ribeirão Preto','EEFERP ',1),(91,'Editora da Universidade de São Paulo','EDUSP  ',1),(92,'Prefeitura Usp do Quadrilátero Saúde / Direito','PUSPQSD',1),(93,'Instituto de Arquitetura e Urbanismo','IAU    ',1),(94,'Prefeitura do Campus Usp de Lorena','PUSP-L ',1),(201,'Instituto Dante Pazzanese de Cardiologia','IDPC   ',1),(202,'Instituto de Medicina Social e de Criminologia de São Paulo','IMESC  ',1),(203,'Hospital das Clínicas da Faculdade de Medicina de Ribeirão Preto','HCFMRP ',1),(204,'Hospital das Clínicas da Faculdade de Medicina da USP','HCFMUSP',1),(205,'Fundação Antonio Prudente','FAP    ',1),(251,'Instituto Butantan','BUTANTA',1);
/*!40000 ALTER TABLE `unidade` ENABLE KEYS */;
UNLOCK TABLES;
/*!40103 SET TIME_ZONE=@OLD_TIME_ZONE */;

/*!40101 SET SQL_MODE=@OLD_SQL_MODE */;
/*!40014 SET FOREIGN_KEY_CHECKS=@OLD_FOREIGN_KEY_CHECKS */;
/*!40014 SET UNIQUE_CHECKS=@OLD_UNIQUE_CHECKS */;
/*!40101 SET CHARACTER_SET_CLIENT=@OLD_CHARACTER_SET_CLIENT */;
/*!40101 SET CHARACTER_SET_RESULTS=@OLD_CHARACTER_SET_RESULTS */;
/*!40101 SET COLLATION_CONNECTION=@OLD_COLLATION_CONNECTION */;
/*!40111 SET SQL_NOTES=@OLD_SQL_NOTES */;

-- Dump completed on 2015-05-22 14:02:43
